#CODE;ENGLISH;FRENCH;GERMAN;;SPANISH;;;;;;;;;x
b_abattum;Abattum;Abattum;Abattum;;Abattum;;;;;;;;;x
b_abattum_adj;Abattumian;;abattumer;;;;;;;;;;;x
b_abdera;Abdera;Abdera;Abdera;;Abdera;;;;;;;;;x
b_abdera_adj;Abderan;;abderer;;;;;;;;;;;x
b_abdju;Abdju;Abdju;Abdju;;Abdju;;;;;;;;;x
b_abdju_adj;Abdjian;;abdjer;;;;;;;;;;;x
b_abel_keramim;Abel Keramim;Abel Keramim;Abel Keramim;;Abel Keramim;;;;;;;;;x
b_abel_keramim_adj;Abel Keramimian;;Abel Keramimer;;;;;;;;;;;x
b_abel_meholah;Abel Meholah;Abel Meholah;Abel Meholah;;Abel Meholah;;;;;;;;;x
b_abel_meholah_adj;Abel Meholahian;;Abel Meholaher;;;;;;;;;;;x
b_abu;Abu;Abu;Abu;;Abu;;;;;;;;;x
b_abu_adj;Abian;;aber;;;;;;;;;;;x
b_abydos;Abydos;Abydos;Abydos;;Abydos;;;;;;;;;x
b_abydos_adj;Abydosian;;abydoser;;;;;;;;;;;x
b_adam;Adam;Adam;Adam;;Adam;;;;;;;;;x
b_adam_adj;Adamian;;adamer;;;;;;;;;;;x
b_adaniya;Adaniya;Adaniya;Adaniya;;Adaniya;;;;;;;;;x
b_adaniya_adj;Adaniyan;;adaner;;;;;;;;;;;x
b_adramyttion;Adramyttion;Adramyttion;Adramyttion;;Adramyttion;;;;;;;;;x
b_adramyttion_adj;Adramyttionian;;adramyttioner;;;;;;;;;;;x
b_adullam;Adullam;Adullam;Adullam;;Adullam;;;;;;;;;x
b_adullam_adj;Adullamian;;adullamer;;;;;;;;;;;x
b_aegion;Aegion;Aegion;Aegion;;Aegion;;;;;;;;;x
b_aegion_adj;Aegionian;;aegioner;;;;;;;;;;;x
b_aeneos;Aeneos;Aeneos;Aeneos;;Aeneos;;;;;;;;;x
b_aeneos_adj;Aeneosian;;aeneoser;;;;;;;;;;;x
b_agrinion;Agrinion;Agrinion;Agrinion;;Agrinion;;;;;;;;;x
b_agrinion_adj;Agrinionian;;agrinioner;;;;;;;;;;;x
b_ahui;Ahui;Ahui;Ahui;;Ahui;;;;;;;;;x
b_ahui_adj;Ahian;;aher;;;;;;;;;;;x
b_aigeira;Aigeira;Aigeira;Aigeira;;Aigeira;;;;;;;;;x
b_aigeira_adj;Aigeiran;;aigeirer;;;;;;;;;;;x
b_aigina;Aigina;Aigina;Aigina;;Aigina;;;;;;;;;x
b_aigina_adj;Aiginan;;aiginer;;;;;;;;;;;x
b_aisepos;Aisepos;Aisepos;Aisepos;;Aisepos;;;;;;;;;x
b_aisepos_adj;Aiseposian;;aiseposer;;;;;;;;;;;x
b_akhetaten;Akhetaten;Akhetaten;Akhetaten;;Akhetaten;;;;;;;;;x
b_akhetaten_adj;Akhetatenian;;akhetatener;;;;;;;;;;;x
b_akko;Akko;Akko;Akko;;Akko;;;;;;;;;x
b_akko_adj;Akkian;;akker;;;;;;;;;;;x
b_akrotiri;Akrotiri;Akrotiri;Akrotiri;;Akrotiri;;;;;;;;;x
b_akrotiri_adj;Akrotirian;;akrotirer;;;;;;;;;;;x
b_akzib;Akzib;Akzib;Akzib;;Akzib;;;;;;;;;x
b_akzib_adj;Akzibian;;akziber;;;;;;;;;;;x
b_alalakh;Alalakh;Alalakh;Alalakh;;Alalakh;;;;;;;;;x
b_alalakh_adj;Alalakhian;;alalakher;;;;;;;;;;;x
b_alassa;Alassa;Alassa;Alassa;;Alassa;;;;;;;;;x
b_alassa_adj;Alassan;;alasser;;;;;;;;;;;x
b_alea;Alea;Alea;Alea;;Alea;;;;;;;;;x
b_alea_adj;Alean;;aler;;;;;;;;;;;x
b_aliassa;Aliassa;Aliassa;Aliassa;;Aliassa;;;;;;;;;x
b_aliassa_adj;Aliassan;;aliasser;;;;;;;;;;;x
b_alisa;Alisa;Alisa;Alisa;;Alisa;;;;;;;;;x
b_alisa_adj;Alisan;;aliser;;;;;;;;;;;x
b_almina;Almina;Almina;Almina;;Almina;;;;;;;;;x
b_almina_adj;Alminan;;alminer;;;;;;;;;;;x
b_alope;Alope;Alope;Alope;;Alope;;;;;;;;;x
b_alope_adj;Alopean;;aloper;;;;;;;;;;;x
b_alos_karnos;Alos Karnos;Alos Karnos;Alos Karnos;;Alos Karnos;;;;;;;;;x
b_alos_karnos_adj;Alos Karnosian;;Alos Karnoser;;;;;;;;;;;x
b_altanna;Altanna;Altanna;Altanna;;Altanna;;;;;;;;;x
b_altanna_adj;Altannan;;altanner;;;;;;;;;;;x
b_alyzia;Alyzia;Alyzia;Alyzia;;Alyzia;;;;;;;;;x
b_alyzia_adj;Alyzian;;alyzer;;;;;;;;;;;x
b_amatu;Amatu;Amatu;Amatu;;Amatu;;;;;;;;;x
b_amatu_adj;Amatian;;amater;;;;;;;;;;;x
b_ambara;Ambara;Ambara;Ambara;;Ambara;;;;;;;;;x
b_ambara_adj;Ambaran;;ambarer;;;;;;;;;;;x
b_ammiya;Ammiya;Ammiya;Ammiya;;Ammiya;;;;;;;;;x
b_ammiya_adj;Ammiyan;;ammer;;;;;;;;;;;x
b_amnysos;Amnysos;Amnysos;Amnysos;;Amnysos;;;;;;;;;x
b_amnysos_adj;Amnysosian;;amnysoser;;;;;;;;;;;x
b_amphigeneia;Amphigeneia;Amphigeneia;Amphigeneia;;Amphigeneia;;;;;;;;;x
b_amphigeneia_adj;Amphigeneian;;amphigener;;;;;;;;;;;x
b_amyclae;Amyclae;Amyclae;Amyclae;;Amyclae;;;;;;;;;x
b_amyclae_adj;Amyclaean;;amycler;;;;;;;;;;;x
b_anepet;Anepet;Anepet;Anepet;;Anepet;;;;;;;;;x
b_anepet_adj;Anepetian;;anepeter;;;;;;;;;;;x
b_ankala;Ankala;Ankala;Ankala;;Ankala;;;;;;;;;x
b_ankala_adj;Ankalan;;ankaler;;;;;;;;;;;x
b_ankuwa;Ankuwa;Ankuwa;Ankuwa;;Ankuwa;;;;;;;;;x
b_ankuwa_adj;Ankuwan;;ankuwer;;;;;;;;;;;x
b_antissa;Antissa;Antissa;Antissa;;Antissa;;;;;;;;;x
b_antissa_adj;Antissan;;antisser;;;;;;;;;;;x
b_antron;Antron;Antron;Antron;;Antron;;;;;;;;;x
b_antron_adj;Antronian;;antroner;;;;;;;;;;;x
b_anziliya;Anziliya;Anziliya;Anziliya;;Anziliya;;;;;;;;;x
b_anziliya_adj;Anziliyan;;anziler;;;;;;;;;;;x
b_apasa;Apasa;Apasa;Apasa;;Apasa;;;;;;;;;x
b_apasa_adj;Apasan;;apaser;;;;;;;;;;;x
b_aphaea;Aphaea;Aphaea;Aphaea;;Aphaea;;;;;;;;;x
b_aphaea_adj;Aphaean;;apher;;;;;;;;;;;x
b_aphidnaea;Aphidnaea;Aphidnaea;Aphidnaea;;Aphidnaea;;;;;;;;;x
b_aphidnaea_adj;Aphidnaean;;aphidner;;;;;;;;;;;x
b_apollonia;Apollonia;Apollonia;Apollonia;;Apollonia;;;;;;;;;x
b_apollonia_adj;Apollonian;;apolloner;;;;;;;;;;;x
b_aptarra;Aptarra;Aptarra;Aptarra;;Aptarra;;;;;;;;;x
b_aptarra_adj;Aptarran;;aptarrer;;;;;;;;;;;x
b_ar;Ar;Ar;Ar;;Ar;;;;;;;;;x
b_ar_adj;Arian;;arer;;;;;;;;;;;x
b_arad;Arad;Arad;Arad;;Arad;;;;;;;;;x
b_arad_adj;Aradian;;arader;;;;;;;;;;;x
b_arahti;Arahti;Arahti;Arahti;;Arahti;;;;;;;;;x
b_arahti_adj;Arahtian;;arahter;;;;;;;;;;;x
b_arawana;Arawana;Arawana;Arawana;;Arawana;;;;;;;;;x
b_arawana_adj;Arawanan;;arawaner;;;;;;;;;;;x
b_ardara;Ardara;Ardara;Ardara;;Ardara;;;;;;;;;x
b_ardara_adj;Ardaran;;ardarer;;;;;;;;;;;x
b_argos;Argos;Argos;Argos;;Argos;;;;;;;;;x
b_argos_adj;Argosian;;argoser;;;;;;;;;;;x
b_arihuwa;Arihuwa;Arihuwa;Arihuwa;;Arihuwa;;;;;;;;;x
b_arihuwa_adj;Arihuwan;;arihuwer;;;;;;;;;;;x
b_arinna;Arinna;Arinna;Arinna;;Arinna;;;;;;;;;x
b_arinna_adj;Arinnan;;arinner;;;;;;;;;;;x
b_armeni;Armeni;Armeni;Armeni;;Armeni;;;;;;;;;x
b_armeni_adj;Armenian;;armener;;;;;;;;;;;x
b_arne;Arne;Arne;Arne;;Arne;;;;;;;;;x
b_arne_adj;Arnean;;arner;;;;;;;;;;;x
b_arpadda;Arpadda;Arpadda;Arpadda;;Arpadda;;;;;;;;;x
b_arpadda_adj;Arpaddan;;arpadder;;;;;;;;;;;x
b_artakia;Artakia;Artakia;Artakia;;Artakia;;;;;;;;;x
b_artakia_adj;Artakian;;artaker;;;;;;;;;;;x
b_artalu;Artalu;Artalu;Artalu;;Artalu;;;;;;;;;x
b_artalu_adj;Artalian;;artaler;;;;;;;;;;;x
b_artemiaio;Artemiaio;Artemiaio;Artemiaio;;Artemiaio;;;;;;;;;x
b_artemiaio_adj;Artemian;;artemer;;;;;;;;;;;x
b_arusna;Arusna;Arusna;Arusna;;Arusna;;;;;;;;;x
b_arusna_adj;Arusnan;;arusner;;;;;;;;;;;x
b_arwada;Arwada;Arwada;Arwada;;Arwada;;;;;;;;;x
b_arwada_adj;Arwadan;;arwader;;;;;;;;;;;x
b_aryiza;Aryiza;Aryiza;Aryiza;;Aryiza;;;;;;;;;x
b_aryiza_adj;Aryizan;;aryizer;;;;;;;;;;;x
b_arzigana;Arzigana;Arzigana;Arzigana;;Arzigana;;;;;;;;;x
b_arzigana_adj;Arziganan;;arziganer;;;;;;;;;;;x
b_arziya;Arziya;Arziya;Arziya;;Arziya;;;;;;;;;x
b_arziya_adj;Arziyan;;arzer;;;;;;;;;;;x
b_ascania;Ascania;Ascania;Ascania;;Ascania;;;;;;;;;x
b_ascania_adj;Ascanian;;ascaner;;;;;;;;;;;x
b_ashdod;Ashdod;Ashdod;Ashdod;;Ashdod;;;;;;;;;x
b_ashdod_adj;Ashdodian;;ashdoder;;;;;;;;;;;x
b_ashteroth;Ashteroth;Ashteroth;Ashteroth;;Ashteroth;;;;;;;;;x
b_ashteroth_adj;Ashterothian;;ashterother;;;;;;;;;;;x
b_asine;Asine;Asine;Asine;;Asine;;;;;;;;;x
b_asine_adj;Asinean;;asiner;;;;;;;;;;;x
b_asita;Asita;Asita;Asita;;Asita;;;;;;;;;x
b_asita_adj;Asitan;;asiter;;;;;;;;;;;x
b_asklepieion;Asklepieion;Asklepieion;Asklepieion;;Asklepieion;;;;;;;;;x
b_asklepieion_adj;Asklepieionian;;asklepieioner;;;;;;;;;;;x
b_asqelon;Asqelon;Asqelon;Asqelon;;Asqelon;;;;;;;;;x
b_asqelon_adj;Asqelonian;;asqeloner;;;;;;;;;;;x
b_assaratta;Assaratta;Assaratta;Assaratta;;Assaratta;;;;;;;;;x
b_assaratta_adj;Assarattan;;assaratter;;;;;;;;;;;x
b_assos;Assos;Assos;Assos;;Assos;;;;;;;;;x
b_assos_adj;Assosian;;assoser;;;;;;;;;;;x
b_astakos;Astakos;Astakos;Astakos;;Astakos;;;;;;;;;x
b_astakos_adj;Astakosian;;astakoser;;;;;;;;;;;x
b_asturiya;Asturiya;Asturiya;Asturiya;;Asturiya;;;;;;;;;x
b_asturiya_adj;Asturiyan;;asturer;;;;;;;;;;;x
b_atarawanna;Atarawanna;Atarawanna;Atarawanna;;Atarawanna;;;;;;;;;x
b_atarawanna_adj;Atarawannan;;atarawanner;;;;;;;;;;;x
b_athens;Athens;Athens;Athens;;Athens;;;;;;;;;x
b_athens_adj;Athensian;;athenser;;;;;;;;;;;x
b_athulissa;Athulissa;Athulissa;Athulissa;;Athulissa;;;;;;;;;x
b_athulissa_adj;Athulissan;;athulisser;;;;;;;;;;;x
b_atriya;Atriya;Atriya;Atriya;;Atriya;;;;;;;;;x
b_atriya_adj;Atriyan;;atrer;;;;;;;;;;;x
b_attarima;Attarima;Attarima;Attarima;;Attarima;;;;;;;;;x
b_attarima_adj;Attariman;;attarimer;;;;;;;;;;;x
b_atuna;Atuna;Atuna;Atuna;;Atuna;;;;;;;;;x
b_atuna_adj;Atunan;;atuner;;;;;;;;;;;x
b_aulis;Aulis;Aulis;Aulis;;Aulis;;;;;;;;;x
b_aulis_adj;Aulisian;;auliser;;;;;;;;;;;x
b_aura;Aura;Aura;Aura;;Aura;;;;;;;;;x
b_aura_adj;Auran;;aurer;;;;;;;;;;;x
b_awarna;Awarna;Awarna;Awarna;;Awarna;;;;;;;;;x
b_awarna_adj;Awarnan;;awarner;;;;;;;;;;;x
b_axos;Axos;Axos;Axos;;Axos;;;;;;;;;x
b_axos_adj;Axosian;;axoser;;;;;;;;;;;x
b_ay;Ay;Ay;Ay;;Ay;;;;;;;;;x
b_ay_adj;Aian;;aer;;;;;;;;;;;x
b_azariq;Azariq;Azariq;Azariq;;Azariq;;;;;;;;;x
b_azariq_adj;Azariqian;;azariqer;;;;;;;;;;;x
b_azeqah;Azeqah;Azeqah;Azeqah;;Azeqah;;;;;;;;;x
b_azeqah_adj;Azeqahian;;azeqaher;;;;;;;;;;;x
b_azitawataya;Azitawataya;Azitawataya;Azitawataya;;Azitawataya;;;;;;;;;x
b_azitawataya_adj;Azitawatayan;;azitawataer;;;;;;;;;;;x
b_azmu;Azmu;Azmu;Azmu;;Azmu;;;;;;;;;x
b_azmu_adj;Azmian;;azmer;;;;;;;;;;;x
b_azu;Azu;Azu;Azu;;Azu;;;;;;;;;x
b_azu_adj;Azian;;azer;;;;;;;;;;;x
b_azuru;Azuru;Azuru;Azuru;;Azuru;;;;;;;;;x
b_azuru_adj;Azurian;;azurer;;;;;;;;;;;x
b_azza;Azza;Azza;Azza;;Azza;;;;;;;;;x
b_azza_adj;Azzan;;azzer;;;;;;;;;;;x
b_baalat;Baalat;Baalat;Baalat;;Baalat;;;;;;;;;x
b_baalat_adj;Baalatian;;baalater;;;;;;;;;;;x
b_balu;Balu;Balu;Balu;;Balu;;;;;;;;;x
b_balu_adj;Balian;;baler;;;;;;;;;;;x
b_banga;Banga;Banga;Banga;;Banga;;;;;;;;;x
b_banga_adj;Bangan;;banger;;;;;;;;;;;x
b_bassae;Bassae;Bassae;Bassae;;Bassae;;;;;;;;;x
b_bassae_adj;Bassaean;;basser;;;;;;;;;;;x
b_batruna;Batruna;Batruna;Batruna;;Batruna;;;;;;;;;x
b_batruna_adj;Batrunan;;batruner;;;;;;;;;;;x
b_beer_sheva;Beer Sheva;Beer Sheva;Beer Sheva;;Beer Sheva;;;;;;;;;x
b_beer_sheva_adj;Beer Shevan;;Beer Shever;;;;;;;;;;;x
b_beerot;Be'erot;Be'erot;Be'erot;;Be'erot;;;;;;;;;x
b_beerot_adj;Be'erotian;;be'eroter;;;;;;;;;;;x
b_behdet;Behdet;Behdet;Behdet;;Behdet;;;;;;;;;x
b_behdet_adj;Behdetian;;behdeter;;;;;;;;;;;x
b_behdet_2;Behdet;Behdet;Behdet;;Behdet;;;;;;;;;x
b_behdet_2_adj;Behdetian;;behdeter;;;;;;;;;;;x
b_behdet_iabetet;Behdet-iabetet;Behdet-iabetet;Behdet-iabetet;;Behdet-iabetet;;;;;;;;;x
b_behdet_iabetet_adj;Behdet-iabetetian;;behdet-iabeteter;;;;;;;;;;;x
b_bereset;Bereset;Bereset;Bereset;;Bereset;;;;;;;;;x
b_bereset_adj;Beresetian;;bereseter;;;;;;;;;;;x
b_beru;Beru;Beru;Beru;;Beru;;;;;;;;;x
b_beru_adj;Berian;;berer;;;;;;;;;;;x
b_beser;Beser;Beser;Beser;;Beser;;;;;;;;;x
b_beser_adj;Beserian;;beserer;;;;;;;;;;;x
b_beshetiu;Beshetiu;Beshetiu;Beshetiu;;Beshetiu;;;;;;;;;x
b_beshetiu_adj;Beshetian;;besheter;;;;;;;;;;;x
b_beth_semes;Beth Semes;Beth Semes;Beth Semes;;Beth Semes;;;;;;;;;x
b_beth_semes_adj;Beth Semesian;;Beth Semeser;;;;;;;;;;;x
b_beyt_anat;Beyt Anat;Beyt Anat;Beyt Anat;;Beyt Anat;;;;;;;;;x
b_beyt_anat_adj;Beyt Anatian;;Beyt Anater;;;;;;;;;;;x
b_beyt_el;Beyt El;Beyt El;Beyt El;;Beyt El;;;;;;;;;x
b_beyt_el_adj;Beyt Elian;;Beyt Eler;;;;;;;;;;;x
b_beyt_horon;Beyt Horon;Beyt Horon;Beyt Horon;;Beyt Horon;;;;;;;;;x
b_beyt_horon_adj;Beyt Horonian;;Beyt Horoner;;;;;;;;;;;x
b_beyt_sean;Beyt Sean;Beyt Sean;Beyt Sean;;Beyt Sean;;;;;;;;;x
b_beyt_sean_adj;Beyt Seanian;;Beyt Seaner;;;;;;;;;;;x
b_beyt_sur;Beyt Sur;Beyt Sur;Beyt Sur;;Beyt Sur;;;;;;;;;x
b_beyt_sur_adj;Beyt Surian;;Beyt Surer;;;;;;;;;;;x
b_bezeq;Bezeq;Bezeq;Bezeq;;Bezeq;;;;;;;;;x
b_bezeq_adj;Bezeqian;;bezeqer;;;;;;;;;;;x
b_bisaltia;Bisaltia;Bisaltia;Bisaltia;;Bisaltia;;;;;;;;;x
b_bisaltia_adj;Bisaltian;;bisalter;;;;;;;;;;;x
b_boibe;Boibe;Boibe;Boibe;;Boibe;;;;;;;;;x
b_boibe_adj;Boibean;;boiber;;;;;;;;;;;x
b_bosra;Bosra;Bosra;Bosra;;Bosra;;;;;;;;;x
b_bosra_adj;Bosran;;bosrer;;;;;;;;;;;x
b_brauron;Brauron;Brauron;Brauron;;Brauron;;;;;;;;;x
b_brauron_adj;Brauronian;;brauroner;;;;;;;;;;;x
b_bulbulhum;Bulbulhum;Bulbulhum;Bulbulhum;;Bulbulhum;;;;;;;;;x
b_bulbulhum_adj;Bulbulhumian;;bulbulhumer;;;;;;;;;;;x
b_buprasium;Buprasium;Buprasium;Buprasium;;Buprasium;;;;;;;;;x
b_buprasium_adj;Buprasiumian;;buprasiumer;;;;;;;;;;;x
b_but;But;But;But;;But;;;;;;;;;x
b_but_adj;Butian;;buter;;;;;;;;;;;x
b_cammat;Cammat;Cammat;Cammat;;Cammat;;;;;;;;;x
b_cammat_adj;Cammatian;;cammater;;;;;;;;;;;x
b_cardamyle;Cardamyle;Cardamyle;Cardamyle;;Cardamyle;;;;;;;;;x
b_cardamyle_adj;Cardamylean;;cardamyler;;;;;;;;;;;x
b_chalkis;Chalkis;Chalkis;Chalkis;;Chalkis;;;;;;;;;x
b_chalkis_adj;Chalkisian;;chalkiser;;;;;;;;;;;x
b_charadrise;Charadrise;Charadrise;Charadrise;;Charadrise;;;;;;;;;x
b_charadrise_adj;Charadrisean;;charadriser;;;;;;;;;;;x
b_chersonissos;Chersonissos;Chersonissos;Chersonissos;;Chersonissos;;;;;;;;;x
b_chersonissos_adj;Chersonissosian;;chersonissoser;;;;;;;;;;;x
b_chesulloth;Chesulloth;Chesulloth;Chesulloth;;Chesulloth;;;;;;;;;x
b_chesulloth_adj;Chesullothian;;chesullother;;;;;;;;;;;x
b_corinth;Corinth;Corinth;Corinth;;Corinth;;;;;;;;;x
b_corinth_adj;Corinthian;;corinther;;;;;;;;;;;x
b_corone;Corone;Corone;Corone;;Corone;;;;;;;;;x
b_corone_adj;Coronean;;coroner;;;;;;;;;;;x
b_cynus;Cynus;Cynus;Cynus;;Cynus;;;;;;;;;x
b_cynus_adj;Cynusian;;cynuser;;;;;;;;;;;x
b_dabiqu;Dabiqu;Dabiqu;Dabiqu;;Dabiqu;;;;;;;;;x
b_dabiqu_adj;Dabiqian;;dabiqer;;;;;;;;;;;x
b_dammasseq;Dammasseq;Dammasseq;Dammasseq;;Dammasseq;;;;;;;;;x
b_dammasseq_adj;Dammasseqian;;dammasseqer;;;;;;;;;;;x
b_dan;Dan;Dan;Dan;;Dan;;;;;;;;;x
b_dan_adj;Danian;;daner;;;;;;;;;;;x
b_danabu;Danabu;Danabu;Danabu;;Danabu;;;;;;;;;x
b_danabu_adj;Danabian;;danaber;;;;;;;;;;;x
b_dardanos;Dardanos;Dardanos;Dardanos;;Dardanos;;;;;;;;;x
b_dardanos_adj;Dardanosian;;dardanoser;;;;;;;;;;;x
b_debir;Debir;Debir;Debir;;Debir;;;;;;;;;x
b_debir_adj;Debirian;;debirer;;;;;;;;;;;x
b_delos;Delos;Delos;Delos;;Delos;;;;;;;;;x
b_delos_adj;Delosian;;deloser;;;;;;;;;;;x
b_delphi;Delphi;Delphi;Delphi;;Delphi;;;;;;;;;x
b_delphi_adj;Delphian;;delpher;;;;;;;;;;;x
b_dema_en_hor;Dema-en-Hor;Dema-en-Hor;Dema-en-Hor;;Dema-en-Hor;;;;;;;;;x
b_dema_en_hor_adj;Dema-en-Horian;;dema-en-horer;;;;;;;;;;;x
b_dhendra;Dhendra;Dhendra;Dhendra;;Dhendra;;;;;;;;;x
b_dhendra_adj;Dhendran;;dhendrer;;;;;;;;;;;x
b_dibon;Dibon;Dibon;Dibon;;Dibon;;;;;;;;;x
b_dibon_adj;Dibonian;;diboner;;;;;;;;;;;x
b_dinanu;Dinanu;Dinanu;Dinanu;;Dinanu;;;;;;;;;x
b_dinanu_adj;Dinanian;;dinaner;;;;;;;;;;;x
b_dium;Dium;Dium;Dium;;Dium;;;;;;;;;x
b_dium_adj;Diumian;;diumer;;;;;;;;;;;x
b_dja;Dja;Dja;Dja;;Dja;;;;;;;;;x
b_dja_adj;Djan;;djer;;;;;;;;;;;x
b_djamet;Djamet;Djamet;Djamet;;Djamet;;;;;;;;;x
b_djamet_adj;Djametian;;djameter;;;;;;;;;;;x
b_djanet;Dja'net;Dja'net;Dja'net;;Dja'net;;;;;;;;;x
b_djanet_adj;Dja'netian;;dja'neter;;;;;;;;;;;x
b_djed;Djed;Djed;Djed;;Djed;;;;;;;;;x
b_djed_adj;Djedian;;djeder;;;;;;;;;;;x
b_djedu;Djedu;Djedu;Djedu;;Djedu;;;;;;;;;x
b_djedu_adj;Djedian;;djeder;;;;;;;;;;;x
b_djehuti_up_rehui;Djehuti-up-rehui;Djehuti-up-rehui;Djehuti-up-rehui;;Djehuti-up-rehui;;;;;;;;;x
b_djehuti_up_rehui_adj;Djehuti-up-rehian;;djehuti-up-reher;;;;;;;;;;;x
b_djeq_aper;Djeq-Aper;Djeq-Aper;Djeq-Aper;;Djeq-Aper;;;;;;;;;x
b_djeq_aper_adj;Djeq-Aperian;;djeq-aperer;;;;;;;;;;;x
b_djereti;Djereti;Djereti;Djereti;;Djereti;;;;;;;;;x
b_djereti_adj;Djeretian;;djereter;;;;;;;;;;;x
b_dju_desher;Dju-desher;Dju-desher;Dju-desher;;Dju-desher;;;;;;;;;x
b_dju_desher_adj;Dju-desherian;;dju-desherer;;;;;;;;;;;x
b_dju_mefekat;Dju-mefekat;Dju-mefekat;Dju-mefekat;;Dju-mefekat;;;;;;;;;x
b_dju_mefekat_adj;Dju-mefekatian;;dju-mefekater;;;;;;;;;;;x
b_djutu;Djutu;Djutu;Djutu;;Djutu;;;;;;;;;x
b_djutu_adj;Djutian;;djuter;;;;;;;;;;;x
b_dor;Dor;Dor;Dor;;Dor;;;;;;;;;x
b_dor_adj;Dorian;;dorer;;;;;;;;;;;x
b_doulopolis;Doulopolis;Doulopolis;Doulopolis;;Doulopolis;;;;;;;;;x
b_doulopolis_adj;Doulopolisian;;doulopoliser;;;;;;;;;;;x
b_dromolaxia;Dromolaxia;Dromolaxia;Dromolaxia;;Dromolaxia;;;;;;;;;x
b_dromolaxia_adj;Dromolaxian;;dromolaxer;;;;;;;;;;;x
b_dub;Dub;Dub;Dub;;Dub;;;;;;;;;x
b_dub_adj;Dubian;;duber;;;;;;;;;;;x
b_dumatu;Dumatu;Dumatu;Dumatu;;Dumatu;;;;;;;;;x
b_dumatu_adj;Dumatian;;dumater;;;;;;;;;;;x
b_dur_yahdun_lim;Dur-Yahdun-Lim;Dur-Yahdun-Lim;Dur-Yahdun-Lim;;Dur-Yahdun-Lim;;;;;;;;;x
b_dur_yahdun_lim_adj;Dur-Yahdun-Limian;;dur-yahdun-limer;;;;;;;;;;;x
b_durmitta;Durmitta;Durmitta;Durmitta;;Durmitta;;;;;;;;;x
b_durmitta_adj;Durmittan;;durmitter;;;;;;;;;;;x
b_dymes;Dymes;Dymes;Dymes;;Dymes;;;;;;;;;x
b_dymes_adj;Dymesian;;dymeser;;;;;;;;;;;x
b_dystos;Dystos;Dystos;Dystos;;Dystos;;;;;;;;;x
b_dystos_adj;Dystosian;;dystoser;;;;;;;;;;;x
b_edrei;Edrei;Edrei;Edrei;;Edrei;;;;;;;;;x
b_edrei_adj;Edrian;;edrer;;;;;;;;;;;x
b_eglat;Eglat;Eglat;Eglat;;Eglat;;;;;;;;;x
b_eglat_adj;Eglatian;;eglater;;;;;;;;;;;x
b_ekron;Ekron;Ekron;Ekron;;Ekron;;;;;;;;;x
b_ekron_adj;Ekronian;;ekroner;;;;;;;;;;;x
b_elaeus;Elaeus;Elaeus;Elaeus;;Elaeus;;;;;;;;;x
b_elaeus_adj;Elaeusian;;elaeuser;;;;;;;;;;;x
b_elba;Elba;Elba;Elba;;Elba;;;;;;;;;x
b_elba_adj;Elban;;elber;;;;;;;;;;;x
b_eleusis;Eleusis;Eleusis;Eleusis;;Eleusis;;;;;;;;;x
b_eleusis_adj;Eleusisian;;eleusiser;;;;;;;;;;;x
b_elis;Elis;Elis;Elis;;Elis;;;;;;;;;x
b_elis_adj;Elisian;;eliser;;;;;;;;;;;x
b_emar;Emar;Emar;Emar;;Emar;;;;;;;;;x
b_emar_adj;Emarian;;emarer;;;;;;;;;;;x
b_enkomi;Enkomi;Enkomi;Enkomi;;Enkomi;;;;;;;;;x
b_enkomi_adj;Enkomian;;enkomer;;;;;;;;;;;x
b_epidauros_limera;Epidauros Limera;Epidauros Limera;Epidauros Limera;;Epidauros Limera;;;;;;;;;x
b_epidauros_limera_adj;Epidauros Limeran;;Epidauros Limerer;;;;;;;;;;;x
b_epidaurus;Epidaurus;Epidaurus;Epidaurus;;Epidaurus;;;;;;;;;x
b_epidaurus_adj;Epidaurusian;;epidauruser;;;;;;;;;;;x
b_episkopi;Episkopi;Episkopi;Episkopi;;Episkopi;;;;;;;;;x
b_episkopi_adj;Episkopian;;episkoper;;;;;;;;;;;x
b_eqron;Eqron;Eqron;Eqron;;Eqron;;;;;;;;;x
b_eqron_adj;Eqronian;;eqroner;;;;;;;;;;;x
b_eretria;Eretria;Eretria;Eretria;;Eretria;;;;;;;;;x
b_eretria_adj;Eretrian;;eretrer;;;;;;;;;;;x
b_erythrai;Erythrai;Erythrai;Erythrai;;Erythrai;;;;;;;;;x
b_erythrai_adj;Erythrian;;erythrer;;;;;;;;;;;x
b_estemoa;Estemoa;Estemoa;Estemoa;;Estemoa;;;;;;;;;x
b_estemoa_adj;Estemoan;;estemer;;;;;;;;;;;x
b_eyn_gedi;Eyn Gedi;Eyn Gedi;Eyn Gedi;;Eyn Gedi;;;;;;;;;x
b_eyn_gedi_adj;Eyn Gedian;;Eyn Geder;;;;;;;;;;;x
b_ezion_geber;Ezion Geber;Ezion Geber;Ezion Geber;;Ezion Geber;;;;;;;;;x
b_ezion_geber_adj;Ezion Geberian;;Ezion Geberer;;;;;;;;;;;x
b_franchthi;Franchthi;Franchthi;Franchthi;;Franchthi;;;;;;;;;x
b_franchthi_adj;Franchthian;;franchther;;;;;;;;;;;x
b_ganibatum;Ganibatum;Ganibatum;Ganibatum;;Ganibatum;;;;;;;;;x
b_ganibatum_adj;Ganibatumian;;ganibatumer;;;;;;;;;;;x
b_gath;Gath;Gath;Gath;;Gath;;;;;;;;;x
b_gath_adj;Gathian;;gather;;;;;;;;;;;x
b_gath_carmel;Gath Carmel;Gath Carmel;Gath Carmel;;Gath Carmel;;;;;;;;;x
b_gath_carmel_adj;Gath Carmelian;;Gath Carmeler;;;;;;;;;;;x
b_gath_padalla;Gath Padalla;Gath Padalla;Gath Padalla;;Gath Padalla;;;;;;;;;x
b_gath_padalla_adj;Gath Padallan;;Gath Padaller;;;;;;;;;;;x
b_gath_rimmon;Gath Rimmon;Gath Rimmon;Gath Rimmon;;Gath Rimmon;;;;;;;;;x
b_gath_rimmon_adj;Gath Rimmonian;;Gath Rimmoner;;;;;;;;;;;x
b_gazzapa;Gazzapa;Gazzapa;Gazzapa;;Gazzapa;;;;;;;;;x
b_gazzapa_adj;Gazzapan;;gazzaper;;;;;;;;;;;x
b_geba;Geba;Geba;Geba;;Geba;;;;;;;;;x
b_geba_adj;Geban;;geber;;;;;;;;;;;x
b_gebetu;Gebetu;Gebetu;Gebetu;;Gebetu;;;;;;;;;x
b_gebetu_adj;Gebetian;;gebeter;;;;;;;;;;;x
b_gekhesti;Gekhesti;Gekhesti;Gekhesti;;Gekhesti;;;;;;;;;x
b_gekhesti_adj;Gekhestian;;gekhester;;;;;;;;;;;x
b_gerar;Gerar;Gerar;Gerar;;Gerar;;;;;;;;;x
b_gerar_adj;Gerarian;;gerarer;;;;;;;;;;;x
b_gereget;Gereget;Gereget;Gereget;;Gereget;;;;;;;;;x
b_gereget_adj;Geregetian;;geregeter;;;;;;;;;;;x
b_gereget_2;Gereget;Gereget;Gereget;;Gereget;;;;;;;;;x
b_gereget_2_adj;Geregetian;;geregeter;;;;;;;;;;;x
b_gerenia;Gerenia;Gerenia;Gerenia;;Gerenia;;;;;;;;;x
b_gerenia_adj;Gerenian;;gerener;;;;;;;;;;;x
b_gesem;Gesem;Gesem;Gesem;;Gesem;;;;;;;;;x
b_gesem_adj;Gesemian;;gesemer;;;;;;;;;;;x
b_gesy;Gesy;Gesy;Gesy;;Gesy;;;;;;;;;x
b_gesy_adj;Gesian;;geser;;;;;;;;;;;x
b_geter;Geter;Geter;Geter;;Geter;;;;;;;;;x
b_geter_adj;Geterian;;geterer;;;;;;;;;;;x
b_gezer;Gezer;Gezer;Gezer;;Gezer;;;;;;;;;x
b_gezer_adj;Gezerian;;gezerer;;;;;;;;;;;x
b_gibala;Gib'ala;Gib'ala;Gib'ala;;Gib'ala;;;;;;;;;x
b_gibala_adj;Gib'alan;;gib'aler;;;;;;;;;;;x
b_gibon;Gibon;Gibon;Gibon;;Gibon;;;;;;;;;x
b_gibon_adj;Gibonian;;giboner;;;;;;;;;;;x
b_gilead;Gilead;Gilead;Gilead;;Gilead;;;;;;;;;x
b_gilead_adj;Gileadian;;gileader;;;;;;;;;;;x
b_gilgal;Gilgal;Gilgal;Gilgal;;Gilgal;;;;;;;;;x
b_gilgal_adj;Gilgalian;;gilgaler;;;;;;;;;;;x
b_gla;Gla;Gla;Gla;;Gla;;;;;;;;;x
b_gla_adj;Glan;;gler;;;;;;;;;;;x
b_gortyn;Gortyn;Gortyn;Gortyn;;Gortyn;;;;;;;;;x
b_gortyn_adj;Gortynian;;gortyner;;;;;;;;;;;x
b_gubla;Gubla;Gubla;Gubla;;Gubla;;;;;;;;;x
b_gubla_adj;Gublan;;gubler;;;;;;;;;;;x
b_gyrton;Gyrton;Gyrton;Gyrton;;Gyrton;;;;;;;;;x
b_gyrton_adj;Gyrtonian;;gyrtoner;;;;;;;;;;;x
b_gytheion;Gytheion;Gytheion;Gytheion;;Gytheion;;;;;;;;;x
b_gytheion_adj;Gytheionian;;gytheioner;;;;;;;;;;;x
b_hahha;Hahha;Hahha;Hahha;;Hahha;;;;;;;;;x
b_hahha_adj;Hahhan;;hahher;;;;;;;;;;;x
b_hahhum;Hahhum;Hahhum;Hahhum;;Hahhum;;;;;;;;;x
b_hahhum_adj;Hahhumian;;hahhumer;;;;;;;;;;;x
b_haitkaitra;Haitkaitra;Haitkaitra;Haitkaitra;;Haitkaitra;;;;;;;;;x
b_haitkaitra_adj;Haitkaitran;;haitkaitrer;;;;;;;;;;;x
b_hakmis;Hakmis;Hakmis;Hakmis;;Hakmis;;;;;;;;;x
b_hakmis_adj;Hakmisian;;hakmiser;;;;;;;;;;;x
b_halab;Halab;Halab;Halab;;Halab;;;;;;;;;x
b_halab_adj;Halabian;;halaber;;;;;;;;;;;x
b_halabit;Halabit;Halabit;Halabit;;Halabit;;;;;;;;;x
b_halabit_adj;Halabitian;;halabiter;;;;;;;;;;;x
b_halluwa;Halluwa;Halluwa;Halluwa;;Halluwa;;;;;;;;;x
b_halluwa_adj;Halluwan;;halluwer;;;;;;;;;;;x
b_halpa;Halpa;Halpa;Halpa;;Halpa;;;;;;;;;x
b_halpa_adj;Halpan;;halper;;;;;;;;;;;x
b_hananaga;Hananaga;Hananaga;Hananaga;;Hananaga;;;;;;;;;x
b_hananaga_adj;Hananagan;;hananager;;;;;;;;;;;x
b_hanhana;Hanhana;Hanhana;Hanhana;;Hanhana;;;;;;;;;x
b_hanhana_adj;Hanhanan;;hanhaner;;;;;;;;;;;x
b_hannaton;Hannaton;Hannaton;Hannaton;;Hannaton;;;;;;;;;x
b_hannaton_adj;Hannatonian;;hannatoner;;;;;;;;;;;x
b_hapalla;Hapalla;Hapalla;Hapalla;;Hapalla;;;;;;;;;x
b_hapalla_adj;Hapallan;;hapaller;;;;;;;;;;;x
b_har_sinai;Har Sinai;Har Sinai;Har Sinai;;Har Sinai;;;;;;;;;x
b_har_sinai_adj;Har Sinian;;Har Siner;;;;;;;;;;;x
b_harisu;Harisu;Harisu;Harisu;;Harisu;;;;;;;;;x
b_harisu_adj;Harisian;;hariser;;;;;;;;;;;x
b_harpisa;Harpisa;Harpisa;Harpisa;;Harpisa;;;;;;;;;x
b_harpisa_adj;Harpisan;;harpiser;;;;;;;;;;;x
b_harsamna;Harsamna;Harsamna;Harsamna;;Harsamna;;;;;;;;;x
b_harsamna_adj;Harsamnan;;harsamner;;;;;;;;;;;x
b_hartana;Hartana;Hartana;Hartana;;Hartana;;;;;;;;;x
b_hartana_adj;Hartanan;;hartaner;;;;;;;;;;;x
b_hasikkasnawanda;Hasikkasnawanda;Hasikkasnawanda;Hasikkasnawanda;;Hasikkasnawanda;;;;;;;;;x
b_hasikkasnawanda_adj;Hasikkasnawandan;;hasikkasnawander;;;;;;;;;;;x
b_hasor;Hasor;Hasor;Hasor;;Hasor;;;;;;;;;x
b_hasor_adj;Hasorian;;hasorer;;;;;;;;;;;x
b_hatenzuwa;Hatenzuwa;Hatenzuwa;Hatenzuwa;;Hatenzuwa;;;;;;;;;x
b_hatenzuwa_adj;Hatenzuwan;;hatenzuwer;;;;;;;;;;;x
b_hattusa;Hattusa;Hattusa;Hattusa;;Hattusa;;;;;;;;;x
b_hattusa_adj;Hattusan;;hattuser;;;;;;;;;;;x
b_hazazu;Hazazu;Hazazu;Hazazu;;Hazazu;;;;;;;;;x
b_hazazu_adj;Hazazian;;hazazer;;;;;;;;;;;x
b_hebenu;Hebenu;Hebenu;Hebenu;;Hebenu;;;;;;;;;x
b_hebenu_adj;Hebenian;;hebener;;;;;;;;;;;x
b_hefat;Hefat;Hefat;Hefat;;Hefat;;;;;;;;;x
b_hefat_adj;Hefatian;;hefater;;;;;;;;;;;x
b_henen_nasut;Henen-nasut;Henen-nasut;Henen-nasut;;Henen-nasut;;;;;;;;;x
b_henen_nasut_adj;Henen-nasutian;;henen-nasuter;;;;;;;;;;;x
b_henet;Henet;Henet;Henet;;Henet;;;;;;;;;x
b_henet_adj;Henetian;;heneter;;;;;;;;;;;x
b_heper;Heper;Heper;Heper;;Heper;;;;;;;;;x
b_heper_adj;Heperian;;heperer;;;;;;;;;;;x
b_her_di;Her-di;Her-di;Her-di;;Her-di;;;;;;;;;x
b_her_di_adj;Her-dian;;her-der;;;;;;;;;;;x
b_her_wer;Her-wer;Her-wer;Her-wer;;Her-wer;;;;;;;;;x
b_her_wer_adj;Her-werian;;her-werer;;;;;;;;;;;x
b_herakleia;Herakleia;Herakleia;Herakleia;;Herakleia;;;;;;;;;x
b_herakleia_adj;Herakleian;;herakler;;;;;;;;;;;x
b_hermione;Hermione;Hermione;Hermione;;Hermione;;;;;;;;;x
b_hermione_adj;Hermionean;;hermioner;;;;;;;;;;;x
b_hesbon;Hesbon;Hesbon;Hesbon;;Hesbon;;;;;;;;;x
b_hesbon_adj;Hesbonian;;hesboner;;;;;;;;;;;x
b_hesphaista;Hesphaista;Hesphaista;Hesphaista;;Hesphaista;;;;;;;;;x
b_hesphaista_adj;Hesphaistan;;hesphaister;;;;;;;;;;;x
b_hevron;Hevron;Hevron;Hevron;;Hevron;;;;;;;;;x
b_hevron_adj;Hevronian;;hevroner;;;;;;;;;;;x
b_hildua;Hildua;Hildua;Hildua;;Hildua;;;;;;;;;x
b_hildua_adj;Hilduan;;hilder;;;;;;;;;;;x
b_hinduwa;Hinduwa;Hinduwa;Hinduwa;;Hinduwa;;;;;;;;;x
b_hinduwa_adj;Hinduwan;;hinduwer;;;;;;;;;;;x
b_hiyasna;Hiyasna;Hiyasna;Hiyasna;;Hiyasna;;;;;;;;;x
b_hiyasna_adj;Hiyasnan;;hiyasner;;;;;;;;;;;x
b_hizzayon;Hizzayon;Hizzayon;Hizzayon;;Hizzayon;;;;;;;;;x
b_hizzayon_adj;Hizzayonian;;hizzayoner;;;;;;;;;;;x
b_homolion;Homolion;Homolion;Homolion;;Homolion;;;;;;;;;x
b_homolion_adj;Homolionian;;homolioner;;;;;;;;;;;x
b_horonayim;Horonayim;Horonayim;Horonayim;;Horonayim;;;;;;;;;x
b_horonayim_adj;Horonayimian;;horonayimer;;;;;;;;;;;x
b_hulhulita;Hulhulita;Hulhulita;Hulhulita;;Hulhulita;;;;;;;;;x
b_hulhulita_adj;Hulhulitan;;hulhuliter;;;;;;;;;;;x
b_hupisna;Hupisna;Hupisna;Hupisna;;Hupisna;;;;;;;;;x
b_hupisna_adj;Hupisnan;;hupisner;;;;;;;;;;;x
b_hurma;Hurma;Hurma;Hurma;;Hurma;;;;;;;;;x
b_hurma_adj;Hurman;;hurmer;;;;;;;;;;;x
b_hursubui;Hursubu'i;Hursubu'i;Hursubu'i;;Hursubu'i;;;;;;;;;x
b_hursubui_adj;Hursubu'ian;;hursubu'er;;;;;;;;;;;x
b_hut_ka_ptah;Hut-ka-Ptah;Hut-ka-Ptah;Hut-ka-Ptah;;Hut-ka-Ptah;;;;;;;;;x
b_hut_ka_ptah_adj;Hut-ka-Ptahian;;hut-ka-ptaher;;;;;;;;;;;x
b_hut_menemaatre;Hut-Menemaatre;Hut-Menemaatre;Hut-Menemaatre;;Hut-Menemaatre;;;;;;;;;x
b_hut_menemaatre_adj;Hut-Menemaatrean;;hut-menemaatrer;;;;;;;;;;;x
b_hut_nebu;Hut-nebu;Hut-nebu;Hut-nebu;;Hut-nebu;;;;;;;;;x
b_hut_nebu_adj;Hut-nebian;;hut-neber;;;;;;;;;;;x
b_hut_nesut;Hut-nesut;Hut-nesut;Hut-nesut;;Hut-nesut;;;;;;;;;x
b_hut_nesut_adj;Hut-nesutian;;hut-nesuter;;;;;;;;;;;x
b_hut_ramessu;Hut-Ramessu;Hut-Ramessu;Hut-Ramessu;;Hut-Ramessu;;;;;;;;;x
b_hut_ramessu_adj;Hut-Ramessian;;hut-ramesser;;;;;;;;;;;x
b_hut_repat;Hut-repat;Hut-repat;Hut-repat;;Hut-repat;;;;;;;;;x
b_hut_repat_adj;Hut-repatian;;hut-repater;;;;;;;;;;;x
b_hut_sekhem;Hut-sekhem;Hut-sekhem;Hut-sekhem;;Hut-sekhem;;;;;;;;;x
b_hut_sekhem_adj;Hut-sekhemian;;hut-sekhemer;;;;;;;;;;;x
b_hut_seneferu;Hut-Seneferu;Hut-Seneferu;Hut-Seneferu;;Hut-Seneferu;;;;;;;;;x
b_hut_seneferu_adj;Hut-Seneferian;;hut-seneferer;;;;;;;;;;;x
b_hut_waret;Hut-waret;Hut-waret;Hut-waret;;Hut-waret;;;;;;;;;x
b_hut_waret_adj;Hut-waretian;;hut-wareter;;;;;;;;;;;x
b_huwalusa;Huwalusa;Huwalusa;Huwalusa;;Huwalusa;;;;;;;;;x
b_huwalusa_adj;Huwalusan;;huwaluser;;;;;;;;;;;x
b_hypsus;Hypsus;Hypsus;Hypsus;;Hypsus;;;;;;;;;x
b_hypsus_adj;Hypsusian;;hypsuser;;;;;;;;;;;x
b_hyria;Hyria;Hyria;Hyria;;Hyria;;;;;;;;;x
b_hyria_adj;Hyrian;;hyrer;;;;;;;;;;;x
b_iat_negen;Iat-negen;Iat-negen;Iat-negen;;Iat-negen;;;;;;;;;x
b_iat_negen_adj;Iat-negenian;;iat-negener;;;;;;;;;;;x
b_iati_sepedu;Iati-Sepedu;Iati-Sepedu;Iati-Sepedu;;Iati-Sepedu;;;;;;;;;x
b_iati_sepedu_adj;Iati-Sepedian;;iati-sepeder;;;;;;;;;;;x
b_ichnae;Ichnae;Ichnae;Ichnae;;Ichnae;;;;;;;;;x
b_ichnae_adj;Ichnaean;;ichner;;;;;;;;;;;x
b_ideb;Ideb;Ideb;Ideb;;Ideb;;;;;;;;;x
b_ideb_adj;Idebian;;ideber;;;;;;;;;;;x
b_idiba;Idiba;Idiba;Idiba;;Idiba;;;;;;;;;x
b_idiba_adj;Idiban;;idiber;;;;;;;;;;;x
b_iero_ton_kabieroi;Iero Ton Kabieroi;Iero Ton Kabieroi;Iero Ton Kabieroi;;Iero Ton Kabieroi;;;;;;;;;x
b_iero_ton_kabieroi_adj;Iero Ton Kabierian;;Iero Ton Kabierer;;;;;;;;;;;x
b_ikkuwaniya;Ikkuwaniya;Ikkuwaniya;Ikkuwaniya;;Ikkuwaniya;;;;;;;;;x
b_ikkuwaniya_adj;Ikkuwaniyan;;ikkuwaner;;;;;;;;;;;x
b_illuya;Illuya;Illuya;Illuya;;Illuya;;;;;;;;;x
b_illuya_adj;Illuyan;;illuer;;;;;;;;;;;x
b_imau;Imau;Imau;Imau;;Imau;;;;;;;;;x
b_imau_adj;Imian;;imer;;;;;;;;;;;x
b_imet;Imet;Imet;Imet;;Imet;;;;;;;;;x
b_imet_adj;Imetian;;imeter;;;;;;;;;;;x
b_inereti;Inereti;Inereti;Inereti;;Inereti;;;;;;;;;x
b_inereti_adj;Ineretian;;inereter;;;;;;;;;;;x
b_iolkos;Iolkos;Iolkos;Iolkos;;Iolkos;;;;;;;;;x
b_iolkos_adj;Iolkosian;;iolkoser;;;;;;;;;;;x
b_ippasana;Ippasana;Ippasana;Ippasana;;Ippasana;;;;;;;;;x
b_ippasana_adj;Ippasanan;;ippasaner;;;;;;;;;;;x
b_ipu;Ipu;Ipu;Ipu;;Ipu;;;;;;;;;x
b_ipu_adj;Ipian;;iper;;;;;;;;;;;x
b_irqata;Irqata;Irqata;Irqata;;Irqata;;;;;;;;;x
b_irqata_adj;Irqatan;;irqater;;;;;;;;;;;x
b_ishupitta;Ishupitta;Ishupitta;Ishupitta;;Ishupitta;;;;;;;;;x
b_ishupitta_adj;Ishupittan;;ishupitter;;;;;;;;;;;x
b_ismaros;Ismaros;Ismaros;Ismaros;;Ismaros;;;;;;;;;x
b_ismaros_adj;Ismarosian;;ismaroser;;;;;;;;;;;x
b_isnati;Isnati;Isnati;Isnati;;Isnati;;;;;;;;;x
b_isnati_adj;Isnatian;;isnater;;;;;;;;;;;x
b_istahara;Istahara;Istahara;Istahara;;Istahara;;;;;;;;;x
b_istahara_adj;Istaharan;;istaharer;;;;;;;;;;;x
b_isthmia;Isthmia;Isthmia;Isthmia;;Isthmia;;;;;;;;;x
b_isthmia_adj;Isthmian;;isthmer;;;;;;;;;;;x
b_itanos;Itanos;Itanos;Itanos;;Itanos;;;;;;;;;x
b_itanos_adj;Itanosian;;itanoser;;;;;;;;;;;x
b_ithake;Ithake;Ithake;Ithake;;Ithake;;;;;;;;;x
b_ithake_adj;Ithakean;;ithaker;;;;;;;;;;;x
b_ithome;Ithome;Ithome;Ithome;;Ithome;;;;;;;;;x
b_ithome_adj;Ithomean;;ithomer;;;;;;;;;;;x
b_itj_taui;Itj-taui;Itj-taui;Itj-taui;;Itj-taui;;;;;;;;;x
b_itj_taui_adj;Itj-tian;;itj-ter;;;;;;;;;;;x
b_itonus;Itonus;Itonus;Itonus;;Itonus;;;;;;;;;x
b_itonus_adj;Itonusian;;itonuser;;;;;;;;;;;x
b_iu_miteru;Iu-miteru;Iu-miteru;Iu-miteru;;Iu-miteru;;;;;;;;;x
b_iu_miteru_adj;Iu-miterian;;iu-miterer;;;;;;;;;;;x
b_iu_nesha;Iu-nesha;Iu-nesha;Iu-nesha;;Iu-nesha;;;;;;;;;x
b_iu_nesha_adj;Iu-neshan;;iu-nesher;;;;;;;;;;;x
b_iu_shenshen;Iu-shenshen;Iu-shenshen;Iu-shenshen;;Iu-shenshen;;;;;;;;;x
b_iu_shenshen_adj;Iu-shenshenian;;iu-shenshener;;;;;;;;;;;x
b_iunet_ta_netjeret;Iunet-ta-netjeret;Iunet-ta-netjeret;Iunet-ta-netjeret;;Iunet-ta-netjeret;;;;;;;;;x
b_iunet_ta_netjeret_adj;Iunet-ta-netjeretian;;iunet-ta-netjereter;;;;;;;;;;;x
b_iunit_mentju;Iunit-Mentju;Iunit-Mentju;Iunit-Mentju;;Iunit-Mentju;;;;;;;;;x
b_iunit_mentju_adj;Iunit-Mentjian;;iunit-mentjer;;;;;;;;;;;x
b_iunu;Iunu;Iunu;Iunu;;Iunu;;;;;;;;;x
b_iunu_adj;Iunian;;iuner;;;;;;;;;;;x
b_iwneferu;Iwneferu;Iwneferu;Iwneferu;;Iwneferu;;;;;;;;;x
b_iwneferu_adj;Iwneferian;;iwneferer;;;;;;;;;;;x
b_iyalanda;Iyalanda;Iyalanda;Iyalanda;;Iyalanda;;;;;;;;;x
b_iyalanda_adj;Iyalandan;;iyalander;;;;;;;;;;;x
b_iyyon;Iyyon;Iyyon;Iyyon;;Iyyon;;;;;;;;;x
b_iyyon_adj;Iyyonian;;iyyoner;;;;;;;;;;;x
b_izziya;Izziya;Izziya;Izziya;;Izziya;;;;;;;;;x
b_izziya_adj;Izziyan;;izzer;;;;;;;;;;;x
b_jaffa;Jaffa;Jaffa;Jaffa;;Jaffa;;;;;;;;;x
b_jaffa_adj;Jaffan;;jaffer;;;;;;;;;;;x
b_jafia;Jafia;Jafia;Jafia;;Jafia;;;;;;;;;x
b_jafia_adj;Jafian;;jafer;;;;;;;;;;;x
b_jahaza;Jahaza;Jahaza;Jahaza;;Jahaza;;;;;;;;;x
b_jahaza_adj;Jahazan;;jahazer;;;;;;;;;;;x
b_jakemet;Jakemet;Jakemet;Jakemet;;Jakemet;;;;;;;;;x
b_jakemet_adj;Jakemetian;;jakemeter;;;;;;;;;;;x
b_jalysus;Jalysus;Jalysus;Jalysus;;Jalysus;;;;;;;;;x
b_jalysus_adj;Jalysusian;;jalysuser;;;;;;;;;;;x
b_jazer;Jazer;Jazer;Jazer;;Jazer;;;;;;;;;x
b_jazer_adj;Jazerian;;jazerer;;;;;;;;;;;x
b_jericho;Jericho;Jericho;Jericho;;Jericho;;;;;;;;;x
b_jericho_adj;Jerichian;;jericher;;;;;;;;;;;x
b_kabul;Kabul;Kabul;Kabul;;Kabul;;;;;;;;;x
b_kabul_adj;Kabulian;;kabuler;;;;;;;;;;;x
b_kadesh;Kadesh;Kadesh;Kadesh;;Kadesh;;;;;;;;;x
b_kadesh_adj;Kadeshian;;kadesher;;;;;;;;;;;x
b_kadesh_barnea;Kadesh Barnea;Kadesh Barnea;Kadesh Barnea;;Kadesh Barnea;;;;;;;;;x
b_kadesh_barnea_adj;Kadesh Barnean;;Kadesh Barner;;;;;;;;;;;x
b_kalasma;Kalasma;Kalasma;Kalasma;;Kalasma;;;;;;;;;x
b_kalasma_adj;Kalasman;;kalasmer;;;;;;;;;;;x
b_kalavasos;Kalavasos;Kalavasos;Kalavasos;;Kalavasos;;;;;;;;;x
b_kalavasos_adj;Kalavasosian;;kalavasoser;;;;;;;;;;;x
b_kalydon;Kalydon;Kalydon;Kalydon;;Kalydon;;;;;;;;;x
b_kalydon_adj;Kalydonian;;kalydoner;;;;;;;;;;;x
b_kamalla;Kamalla;Kamalla;Kamalla;;Kamalla;;;;;;;;;x
b_kamalla_adj;Kamallan;;kamaller;;;;;;;;;;;x
b_kameiros;Kameiros;Kameiros;Kameiros;;Kameiros;;;;;;;;;x
b_kameiros_adj;Kameirosian;;kameiroser;;;;;;;;;;;x
b_kamon;Kamon;Kamon;Kamon;;Kamon;;;;;;;;;x
b_kamon_adj;Kamonian;;kamoner;;;;;;;;;;;x
b_kapitra;Kapitra;Kapitra;Kapitra;;Kapitra;;;;;;;;;x
b_kapitra_adj;Kapitran;;kapitrer;;;;;;;;;;;x
b_kapperi;Kapperi;Kapperi;Kapperi;;Kapperi;;;;;;;;;x
b_kapperi_adj;Kapperian;;kapperer;;;;;;;;;;;x
b_kappurnanda;Kappurnanda;Kappurnanda;Kappurnanda;;Kappurnanda;;;;;;;;;x
b_kappurnanda_adj;Kappurnandan;;kappurnander;;;;;;;;;;;x
b_karahna;Karahna;Karahna;Karahna;;Karahna;;;;;;;;;x
b_karahna_adj;Karahnan;;karahner;;;;;;;;;;;x
b_karassuwa;Karassuwa;Karassuwa;Karassuwa;;Karassuwa;;;;;;;;;x
b_karassuwa_adj;Karassuwan;;karassuwer;;;;;;;;;;;x
b_karia;Karia;Karia;Karia;;Karia;;;;;;;;;x
b_karia_adj;Karian;;karer;;;;;;;;;;;x
b_karkemish;Karkemish;Karkemish;Karkemish;;Karkemish;;;;;;;;;x
b_karkemish_adj;Karkemishian;;karkemisher;;;;;;;;;;;x
b_karkisa;Karkisa;Karkisa;Karkisa;;Karkisa;;;;;;;;;x
b_karkisa_adj;Karkisan;;karkiser;;;;;;;;;;;x
b_karystos;Karystos;Karystos;Karystos;;Karystos;;;;;;;;;x
b_karystos_adj;Karystosian;;karystoser;;;;;;;;;;;x
b_kasthanaia;Kasthanaia;Kasthanaia;Kasthanaia;;Kasthanaia;;;;;;;;;x
b_kasthanaia_adj;Kasthanaian;;kasthaner;;;;;;;;;;;x
b_kastri;Kastri;Kastri;Kastri;;Kastri;;;;;;;;;x
b_kastri_adj;Kastrian;;kastrer;;;;;;;;;;;x
b_katapa;Katapa;Katapa;Katapa;;Katapa;;;;;;;;;x
b_katapa_adj;Katapan;;kataper;;;;;;;;;;;x
b_keben;Keben;Keben;Keben;;Keben;;;;;;;;;x
b_keben_adj;Kebenian;;kebener;;;;;;;;;;;x
b_kemwi;Kemwi;Kemwi;Kemwi;;Kemwi;;;;;;;;;x
b_kemwi_adj;Kemwian;;kemwer;;;;;;;;;;;x
b_kenatha;Kenatha;Kenatha;Kenatha;;Kenatha;;;;;;;;;x
b_kenatha_adj;Kenathan;;kenather;;;;;;;;;;;x
b_kepirah;Kepirah;Kepirah;Kepirah;;Kepirah;;;;;;;;;x
b_kepirah_adj;Kepirahian;;kepiraher;;;;;;;;;;;x
b_kerynthos;Kerynthos;Kerynthos;Kerynthos;;Kerynthos;;;;;;;;;x
b_kerynthos_adj;Kerynthosian;;kerynthoser;;;;;;;;;;;x
b_khaironeia;Khaironeia;Khaironeia;Khaironeia;;Khaironeia;;;;;;;;;x
b_khaironeia_adj;Khaironeian;;khaironer;;;;;;;;;;;x
b_khalkis;Khalkis;Khalkis;Khalkis;;Khalkis;;;;;;;;;x
b_khalkis_adj;Khalkisian;;khalkiser;;;;;;;;;;;x
b_khasu;Khasu;Khasu;Khasu;;Khasu;;;;;;;;;x
b_khasu_adj;Khasian;;khaser;;;;;;;;;;;x
b_khbide;Khbide;Khbide;Khbide;;Khbide;;;;;;;;;x
b_khbide_adj;Khbidean;;khbider;;;;;;;;;;;x
b_khedi;Khedi;Khedi;Khedi;;Khedi;;;;;;;;;x
b_khedi_adj;Khedian;;kheder;;;;;;;;;;;x
b_khem;Khem;Khem;Khem;;Khem;;;;;;;;;x
b_khem_adj;Khemian;;khemer;;;;;;;;;;;x
b_khemenu;Khemenu;Khemenu;Khemenu;;Khemenu;;;;;;;;;x
b_khemenu_adj;Khemenian;;khemener;;;;;;;;;;;x
b_khenia;Khenia;Khenia;Khenia;;Khenia;;;;;;;;;x
b_khenia_adj;Khenian;;khener;;;;;;;;;;;x
b_khenu;Khenu;Khenu;Khenu;;Khenu;;;;;;;;;x
b_khenu_adj;Khenian;;khener;;;;;;;;;;;x
b_khenyt;Khenyt;Khenyt;Khenyt;;Khenyt;;;;;;;;;x
b_khenyt_adj;Khenytian;;khenyter;;;;;;;;;;;x
b_kher_aha;Kher-Aha;Kher-Aha;Kher-Aha;;Kher-Aha;;;;;;;;;x
b_kher_aha_adj;Kher-Ahan;;kher-aher;;;;;;;;;;;x
b_khios;Khios;Khios;Khios;;Khios;;;;;;;;;x
b_khios_adj;Khiosian;;khioser;;;;;;;;;;;x
b_kinaret;Kinaret;Kinaret;Kinaret;;Kinaret;;;;;;;;;x
b_kinaret_adj;Kinaretian;;kinareter;;;;;;;;;;;x
b_kipina;Kipina;Kipina;Kipina;;Kipina;;;;;;;;;x
b_kipina_adj;Kipinan;;kipiner;;;;;;;;;;;x
b_kirra;Kirra;Kirra;Kirra;;Kirra;;;;;;;;;x
b_kirra_adj;Kirran;;kirrer;;;;;;;;;;;x
b_kirsu;Kirsu;Kirsu;Kirsu;;Kirsu;;;;;;;;;x
b_kirsu_adj;Kirsian;;kirser;;;;;;;;;;;x
b_kition;Kition;Kition;Kition;;Kition;;;;;;;;;x
b_kition_adj;Kitionian;;kitioner;;;;;;;;;;;x
b_klaros;Klaros;Klaros;Klaros;;Klaros;;;;;;;;;x
b_klaros_adj;Klarosian;;klaroser;;;;;;;;;;;x
b_klazomenai;Klazomenai;Klazomenai;Klazomenai;;Klazomenai;;;;;;;;;x
b_klazomenai_adj;Klazomenian;;klazomener;;;;;;;;;;;x
b_kleitor;Kleitor;Kleitor;Kleitor;;Kleitor;;;;;;;;;x
b_kleitor_adj;Kleitorian;;kleitorer;;;;;;;;;;;x
b_kleonai;Kleonai;Kleonai;Kleonai;;Kleonai;;;;;;;;;x
b_kleonai_adj;Kleonian;;kleoner;;;;;;;;;;;x
b_knossos;Knossos;Knossos;Knossos;;Knossos;;;;;;;;;x
b_knossos_adj;Knossosian;;knossoser;;;;;;;;;;;x
b_kolophon;Kolophon;Kolophon;Kolophon;;Kolophon;;;;;;;;;x
b_kolophon_adj;Kolophonian;;kolophoner;;;;;;;;;;;x
b_kopai;Kopai;Kopai;Kopai;;Kopai;;;;;;;;;x
b_kopai_adj;Kopian;;koper;;;;;;;;;;;x
b_koumasa;Koumasa;Koumasa;Koumasa;;Koumasa;;;;;;;;;x
b_koumasa_adj;Koumasan;;koumaser;;;;;;;;;;;x
b_krani;Krani;Krani;Krani;;Krani;;;;;;;;;x
b_krani_adj;Kranian;;kraner;;;;;;;;;;;x
b_krapathos;Krapathos;Krapathos;Krapathos;;Krapathos;;;;;;;;;x
b_krapathos_adj;Krapathosian;;krapathoser;;;;;;;;;;;x
b_kubilsan;Kubilsan;Kubilsan;Kubilsan;;Kubilsan;;;;;;;;;x
b_kubilsan_adj;Kubilsanian;;kubilsaner;;;;;;;;;;;x
b_kumanni;Kumanni;Kumanni;Kumanni;;Kumanni;;;;;;;;;x
b_kumanni_adj;Kumannian;;kumanner;;;;;;;;;;;x
b_kumidi;Kumidi;Kumidi;Kumidi;;Kumidi;;;;;;;;;x
b_kumidi_adj;Kumidian;;kumider;;;;;;;;;;;x
b_kummaha;Kummaha;Kummaha;Kummaha;;Kummaha;;;;;;;;;x
b_kummaha_adj;Kummahan;;kummaher;;;;;;;;;;;x
b_kunanamit;Kunanamit;Kunanamit;Kunanamit;;Kunanamit;;;;;;;;;x
b_kunanamit_adj;Kunanamitian;;kunanamiter;;;;;;;;;;;x
b_kursamassa;Kursamassa;Kursamassa;Kursamassa;;Kursamassa;;;;;;;;;x
b_kursamassa_adj;Kursamassan;;kursamasser;;;;;;;;;;;x
b_kurustama;Kurustama;Kurustama;Kurustama;;Kurustama;;;;;;;;;x
b_kurustama_adj;Kurustaman;;kurustamer;;;;;;;;;;;x
b_kusbat;Kusbat;Kusbat;Kusbat;;Kusbat;;;;;;;;;x
b_kusbat_adj;Kusbatian;;kusbater;;;;;;;;;;;x
b_kussara;Kussara;Kussara;Kussara;;Kussara;;;;;;;;;x
b_kussara_adj;Kussaran;;kussarer;;;;;;;;;;;x
b_kutiya;Kutiya;Kutiya;Kutiya;;Kutiya;;;;;;;;;x
b_kutiya_adj;Kutiyan;;kuter;;;;;;;;;;;x
b_kuwalapassa;Kuwalapassa;Kuwalapassa;Kuwalapassa;;Kuwalapassa;;;;;;;;;x
b_kuwalapassa_adj;Kuwalapassan;;kuwalapasser;;;;;;;;;;;x
b_kydonia;Kydonia;Kydonia;Kydonia;;Kydonia;;;;;;;;;x
b_kydonia_adj;Kydonian;;kydoner;;;;;;;;;;;x
b_kyme;Kyme;Kyme;Kyme;;Kyme;;;;;;;;;x
b_kyme_adj;Kymean;;kymer;;;;;;;;;;;x
b_kynthos;Kynthos;Kynthos;Kynthos;;Kynthos;;;;;;;;;x
b_kynthos_adj;Kynthosian;;kynthoser;;;;;;;;;;;x
b_kypantha;Kypantha;Kypantha;Kypantha;;Kypantha;;;;;;;;;x
b_kypantha_adj;Kypanthan;;kypanther;;;;;;;;;;;x
b_kyparissos;Kyparissos;Kyparissos;Kyparissos;;Kyparissos;;;;;;;;;x
b_kyparissos_adj;Kyparissosian;;kyparissoser;;;;;;;;;;;x
b_kyphos;Kyphos;Kyphos;Kyphos;;Kyphos;;;;;;;;;x
b_kyphos_adj;Kyphosian;;kyphoser;;;;;;;;;;;x
b_kysomos;Kysomos;Kysomos;Kysomos;;Kysomos;;;;;;;;;x
b_kysomos_adj;Kysomosian;;kysomoser;;;;;;;;;;;x
b_kythria;Kythria;Kythria;Kythria;;Kythria;;;;;;;;;x
b_kythria_adj;Kythrian;;kythrer;;;;;;;;;;;x
b_kyzikos;Kyzikos;Kyzikos;Kyzikos;;Kyzikos;;;;;;;;;x
b_kyzikos_adj;Kyzikosian;;kyzikoser;;;;;;;;;;;x
b_laanda;Laanda;Laanda;Laanda;;Laanda;;;;;;;;;x
b_laanda_adj;Laandan;;laander;;;;;;;;;;;x
b_lacedemonia;Lacedemonia;Lacedemonia;Lacedemonia;;Lacedemonia;;;;;;;;;x
b_lacedemonia_adj;Lacedemonian;;lacedemoner;;;;;;;;;;;x
b_lahhwiyassi;Lahhwiyassi;Lahhwiyassi;Lahhwiyassi;;Lahhwiyassi;;;;;;;;;x
b_lahhwiyassi_adj;Lahhwiyassian;;lahhwiyasser;;;;;;;;;;;x
b_lakimissa;Lakimissa;Lakimissa;Lakimissa;;Lakimissa;;;;;;;;;x
b_lakimissa_adj;Lakimissan;;lakimisser;;;;;;;;;;;x
b_lakis;Lakis;Lakis;Lakis;;Lakis;;;;;;;;;x
b_lakis_adj;Lakisian;;lakiser;;;;;;;;;;;x
b_lalanda;Lalanda;Lalanda;Lalanda;;Lalanda;;;;;;;;;x
b_lalanda_adj;Lalandan;;lalander;;;;;;;;;;;x
b_lamia;Lamia;Lamia;Lamia;;Lamia;;;;;;;;;x
b_lamia_adj;Lamian;;lamer;;;;;;;;;;;x
b_lamiya;Lamiya;Lamiya;Lamiya;;Lamiya;;;;;;;;;x
b_lamiya_adj;Lamiyan;;lamer;;;;;;;;;;;x
b_larissa;Larissa;Larissa;Larissa;;Larissa;;;;;;;;;x
b_larissa_adj;Larissan;;larisser;;;;;;;;;;;x
b_lato;Lato;Lato;Lato;;Lato;;;;;;;;;x
b_lato_adj;Latian;;later;;;;;;;;;;;x
b_lavrion;Lavrion;Lavrion;Lavrion;;Lavrion;;;;;;;;;x
b_lavrion_adj;Lavrionian;;lavrioner;;;;;;;;;;;x
b_lawazantiya;Lawazantiya;Lawazantiya;Lawazantiya;;Lawazantiya;;;;;;;;;x
b_lawazantiya_adj;Lawazantiyan;;lawazanter;;;;;;;;;;;x
b_lebedos;Lebedos;Lebedos;Lebedos;;Lebedos;;;;;;;;;x
b_lebedos_adj;Lebedosian;;lebedoser;;;;;;;;;;;x
b_lerna;Lerna;Lerna;Lerna;;Lerna;;;;;;;;;x
b_lerna_adj;Lernan;;lerner;;;;;;;;;;;x
b_letrini;Letrini;Letrini;Letrini;;Letrini;;;;;;;;;x
b_letrini_adj;Letrinian;;letriner;;;;;;;;;;;x
b_leuctra;Leuctra;Leuctra;Leuctra;;Leuctra;;;;;;;;;x
b_leuctra_adj;Leuctran;;leuctrer;;;;;;;;;;;x
b_lihzana;Lihzana;Lihzana;Lihzana;;Lihzana;;;;;;;;;x
b_lihzana_adj;Lihzanan;;lihzaner;;;;;;;;;;;x
b_lissos;Lissos;Lissos;Lissos;;Lissos;;;;;;;;;x
b_lissos_adj;Lissosian;;lissoser;;;;;;;;;;;x
b_locris;Locris;Locris;Locris;;Locris;;;;;;;;;x
b_locris_adj;Locrisian;;locriser;;;;;;;;;;;x
b_luhit;Luhit;Luhit;Luhit;;Luhit;;;;;;;;;x
b_luhit_adj;Luhitian;;luhiter;;;;;;;;;;;x
b_luhuzantiya;Luhuzantiya;Luhuzantiya;Luhuzantiya;;Luhuzantiya;;;;;;;;;x
b_luhuzantiya_adj;Luhuzantiyan;;luhuzanter;;;;;;;;;;;x
b_lurnessos;Lurnessos;Lurnessos;Lurnessos;;Lurnessos;;;;;;;;;x
b_lurnessos_adj;Lurnessosian;;lurnessoser;;;;;;;;;;;x
b_lusna;Lusna;Lusna;Lusna;;Lusna;;;;;;;;;x
b_lusna_adj;Lusnan;;lusner;;;;;;;;;;;x
b_lyndos;Lyndos;Lyndos;Lyndos;;Lyndos;;;;;;;;;x
b_lyndos_adj;Lyndosian;;lyndoser;;;;;;;;;;;x
b_madu;Madu;Madu;Madu;;Madu;;;;;;;;;x
b_madu_adj;Madian;;mader;;;;;;;;;;;x
b_mahanayim;Mahanayim;Mahanayim;Mahanayim;;Mahanayim;;;;;;;;;x
b_mahanayim_adj;Mahanayimian;;mahanayimer;;;;;;;;;;;x
b_mala;Mala;Mala;Mala;;Mala;;;;;;;;;x
b_mala_adj;Malan;;maler;;;;;;;;;;;x
b_malia;Malia;Malia;Malia;;Malia;;;;;;;;;x
b_malia_adj;Malian;;maler;;;;;;;;;;;x
b_malidiya;Malidiya;Malidiya;Malidiya;;Malidiya;;;;;;;;;x
b_malidiya_adj;Malidiyan;;malider;;;;;;;;;;;x
b_malitta;Malitta;Malitta;Malitta;;Malitta;;;;;;;;;x
b_malitta_adj;Malittan;;malitter;;;;;;;;;;;x
b_mallidaskuriya;Mallidaskuriya;Mallidaskuriya;Mallidaskuriya;;Mallidaskuriya;;;;;;;;;x
b_mallidaskuriya_adj;Mallidaskuriyan;;mallidaskurer;;;;;;;;;;;x
b_malluma;Malluma;Malluma;Malluma;;Malluma;;;;;;;;;x
b_malluma_adj;Malluman;;mallumer;;;;;;;;;;;x
b_mamma;Mamma;Mamma;Mamma;;Mamma;;;;;;;;;x
b_mamma_adj;Mamman;;mammer;;;;;;;;;;;x
b_mansuate;Mansuate;Mansuate;Mansuate;;Mansuate;;;;;;;;;x
b_mansuate_adj;Mansuatean;;mansuater;;;;;;;;;;;x
b_mantineia;Mantineia;Mantineia;Mantineia;;Mantineia;;;;;;;;;x
b_mantineia_adj;Mantineian;;mantiner;;;;;;;;;;;x
b_maon;Maon;Maon;Maon;;Maon;;;;;;;;;x
b_maon_adj;Maonian;;maoner;;;;;;;;;;;x
b_marasa;Marasa;Marasa;Marasa;;Marasa;;;;;;;;;x
b_marasa_adj;Marasan;;maraser;;;;;;;;;;;x
b_marathon;Marathon;Marathon;Marathon;;Marathon;;;;;;;;;x
b_marathon_adj;Marathonian;;marathoner;;;;;;;;;;;x
b_maresah;Maresah;Maresah;Maresah;;Maresah;;;;;;;;;x
b_maresah_adj;Maresahian;;maresaher;;;;;;;;;;;x
b_marista;Marista;Marista;Marista;;Marista;;;;;;;;;x
b_marista_adj;Maristan;;marister;;;;;;;;;;;x
b_marithum;Marithum;Marithum;Marithum;;Marithum;;;;;;;;;x
b_marithum_adj;Marithumian;;marithumer;;;;;;;;;;;x
b_maroni;Maroni;Maroni;Maroni;;Maroni;;;;;;;;;x
b_maroni_adj;Maronian;;maroner;;;;;;;;;;;x
b_masa;Masa;Masa;Masa;;Masa;;;;;;;;;x
b_masa_adj;Masan;;maser;;;;;;;;;;;x
b_mases;Mases;Mases;Mases;;Mases;;;;;;;;;x
b_mases_adj;Masesian;;maseser;;;;;;;;;;;x
b_masika;Masika;Masika;Masika;;Masika;;;;;;;;;x
b_masika_adj;Masikan;;masiker;;;;;;;;;;;x
b_matilla;Matilla;Matilla;Matilla;;Matilla;;;;;;;;;x
b_matilla_adj;Matillan;;matiller;;;;;;;;;;;x
b_megara;Megara;Megara;Megara;;Megara;;;;;;;;;x
b_megara_adj;Megaran;;megarer;;;;;;;;;;;x
b_megiddo;Megiddo;Megiddo;Megiddo;;Megiddo;;;;;;;;;x
b_megiddo_adj;Megiddian;;megidder;;;;;;;;;;;x
b_meliboia;Meliboia;Meliboia;Meliboia;;Meliboia;;;;;;;;;x
b_meliboia_adj;Meliboian;;meliber;;;;;;;;;;;x
b_men_nefer;Men-nefer;Men-nefer;Men-nefer;;Men-nefer;;;;;;;;;x
b_men_nefer_adj;Men-neferian;;men-neferer;;;;;;;;;;;x
b_menat_khufu;Menat-Khufu;Menat-Khufu;Menat-Khufu;;Menat-Khufu;;;;;;;;;x
b_menat_khufu_adj;Menat-Khufian;;menat-khufer;;;;;;;;;;;x
b_menelaeion;Menelaeion;Menelaeion;Menelaeion;;Menelaeion;;;;;;;;;x
b_menelaeion_adj;Menelaeionian;;menelaeioner;;;;;;;;;;;x
b_mer_neferet;Mer-neferet;Mer-neferet;Mer-neferet;;Mer-neferet;;;;;;;;;x
b_mer_neferet_adj;Mer-neferetian;;mer-nefereter;;;;;;;;;;;x
b_mer_ur;Mer-ur;Mer-ur;Mer-ur;;Mer-ur;;;;;;;;;x
b_mer_ur_adj;Mer-urian;;mer-urer;;;;;;;;;;;x
b_merit;Merit;Merit;Merit;;Merit;;;;;;;;;x
b_merit_adj;Meritian;;meriter;;;;;;;;;;;x
b_mesedi;Mesedi;Mesedi;Mesedi;;Mesedi;;;;;;;;;x
b_mesedi_adj;Mesedian;;meseder;;;;;;;;;;;x
b_messene;Messene;Messene;Messene;;Messene;;;;;;;;;x
b_messene_adj;Messenean;;messener;;;;;;;;;;;x
b_methana;Methana;Methana;Methana;;Methana;;;;;;;;;x
b_methana_adj;Methanan;;methaner;;;;;;;;;;;x
b_methone;Methone;Methone;Methone;;Methone;;;;;;;;;x
b_methone_adj;Methonean;;methoner;;;;;;;;;;;x
b_methone_magnesia;Methone Magnesia;Methone Magnesia;Methone Magnesia;;Methone Magnesia;;;;;;;;;x
b_methone_magnesia_adj;Methone Magnesian;;Methone Magneser;;;;;;;;;;;x
b_meypaat;Meypaat;Meypaat;Meypaat;;Meypaat;;;;;;;;;x
b_meypaat_adj;Meypaatian;;meypaater;;;;;;;;;;;x
b_midduwa;Midduwa;Midduwa;Midduwa;;Midduwa;;;;;;;;;x
b_midduwa_adj;Midduwan;;midduwer;;;;;;;;;;;x
b_milawata;Milawata;Milawata;Milawata;;Milawata;;;;;;;;;x
b_milawata_adj;Milawatan;;milawater;;;;;;;;;;;x
b_mira;Mira;Mira;Mira;;Mira;;;;;;;;;x
b_mira_adj;Miran;;mirer;;;;;;;;;;;x
b_mithymna;Mithymna;Mithymna;Mithymna;;Mithymna;;;;;;;;;x
b_mithymna_adj;Mithymnan;;mithymner;;;;;;;;;;;x
b_moreset_gat;Moreset Gat;Moreset Gat;Moreset Gat;;Moreset Gat;;;;;;;;;x
b_moreset_gat_adj;Moreset Gatian;;Moreset Gater;;;;;;;;;;;x
b_mycenae;Mycenae;Mycenae;Mycenae;;Mycenae;;;;;;;;;x
b_mycenae_adj;Mycenaean;;mycener;;;;;;;;;;;x
b_myous;Myous;Myous;Myous;;Myous;;;;;;;;;x
b_myous_adj;Myousian;;myouser;;;;;;;;;;;x
b_myrina;Myrina;Myrina;Myrina;;Myrina;;;;;;;;;x
b_myrina_adj;Myrinan;;myriner;;;;;;;;;;;x
b_myrsinus;Myrsinus;Myrsinus;Myrsinus;;Myrsinus;;;;;;;;;x
b_myrsinus_adj;Myrsinusian;;myrsinuser;;;;;;;;;;;x
b_mytilini;Mytilini;Mytilini;Mytilini;;Mytilini;;;;;;;;;x
b_mytilini_adj;Mytilinian;;mytiliner;;;;;;;;;;;x
b_na_kharu;Na-kharu;Na-kharu;Na-kharu;;Na-kharu;;;;;;;;;x
b_na_kharu_adj;Na-kharian;;na-kharer;;;;;;;;;;;x
b_na_wau;Na-wau;Na-wau;Na-wau;;Na-wau;;;;;;;;;x
b_na_wau_adj;Na-wian;;na-wer;;;;;;;;;;;x
b_nafpaktos;Nafpaktos;Nafpaktos;Nafpaktos;;Nafpaktos;;;;;;;;;x
b_nafpaktos_adj;Nafpaktosian;;nafpaktoser;;;;;;;;;;;x
b_nahita;Nahita;Nahita;Nahita;;Nahita;;;;;;;;;x
b_nahita_adj;Nahitan;;nahiter;;;;;;;;;;;x
b_nahitiya;Nahitiya;Nahitiya;Nahitiya;;Nahitiya;;;;;;;;;x
b_nahitiya_adj;Nahitiyan;;nahiter;;;;;;;;;;;x
b_nai_keredj;Nai-keredj;Nai-keredj;Nai-keredj;;Nai-keredj;;;;;;;;;x
b_nai_keredj_adj;Nai-keredjian;;nai-keredjer;;;;;;;;;;;x
b_nai_usermaatre_meryamun;Nai-Usermaatre-meryamun;Nai-Usermaatre-meryamun;Nai-Usermaatre-meryamun;;Nai-Usermaatre-meryamun;;;;;;;;;x
b_nai_usermaatre_meryamun_adj;Nai-Usermaatre-meryamunian;;nai-usermaatre-meryamuner;;;;;;;;;;;x
b_napigu;Napigu;Napigu;Napigu;;Napigu;;;;;;;;;x
b_napigu_adj;Napigian;;napiger;;;;;;;;;;;x
b_naxos;Naxos;Naxos;Naxos;;Naxos;;;;;;;;;x
b_naxos_adj;Naxosian;;naxoser;;;;;;;;;;;x
b_neb_nen_nesut;Neb-nen-nesut;Neb-nen-nesut;Neb-nen-nesut;;Neb-nen-nesut;;;;;;;;;x
b_neb_nen_nesut_adj;Neb-nen-nesutian;;neb-nen-nesuter;;;;;;;;;;;x
b_nebit;Nebit;Nebit;Nebit;;Nebit;;;;;;;;;x
b_nebit_adj;Nebitian;;nebiter;;;;;;;;;;;x
b_nebiui;Nebiui;Nebiui;Nebiui;;Nebiui;;;;;;;;;x
b_nebiui_adj;Nebian;;neber;;;;;;;;;;;x
b_nebut;Nebut;Nebut;Nebut;;Nebut;;;;;;;;;x
b_nebut_adj;Nebutian;;nebuter;;;;;;;;;;;x
b_nefer;Nefer;Nefer;Nefer;;Nefer;;;;;;;;;x
b_nefer_adj;Neferian;;neferer;;;;;;;;;;;x
b_neferusi;Neferusi;Neferusi;Neferusi;;Neferusi;;;;;;;;;x
b_neferusi_adj;Neferusian;;neferuser;;;;;;;;;;;x
b_nekheb;Nekheb;Nekheb;Nekheb;;Nekheb;;;;;;;;;x
b_nekheb_adj;Nekhebian;;nekheber;;;;;;;;;;;x
b_nekhen;Nekhen;Nekhen;Nekhen;;Nekhen;;;;;;;;;x
b_nekhen_adj;Nekhenian;;nekhener;;;;;;;;;;;x
b_nemea;Nemea;Nemea;Nemea;;Nemea;;;;;;;;;x
b_nemea_adj;Nemean;;nemer;;;;;;;;;;;x
b_nemed_ishtar;Nemed-Ishtar;Nemed-Ishtar;Nemed-Ishtar;;Nemed-Ishtar;;;;;;;;;x
b_nemed_ishtar_adj;Nemed-Ishtarian;;nemed-ishtarer;;;;;;;;;;;x
b_nenassa;Nenassa;Nenassa;Nenassa;;Nenassa;;;;;;;;;x
b_nenassa_adj;Nenassan;;nenasser;;;;;;;;;;;x
b_nerab;Nerab;Nerab;Nerab;;Nerab;;;;;;;;;x
b_nerab_adj;Nerabian;;neraber;;;;;;;;;;;x
b_nerikka;Nerikka;Nerikka;Nerikka;;Nerikka;;;;;;;;;x
b_nerikka_adj;Nerikkan;;nerikker;;;;;;;;;;;x
b_nesa;Nesa;Nesa;Nesa;;Nesa;;;;;;;;;x
b_nesa_adj;Nesan;;neser;;;;;;;;;;;x
b_netjeret;Netjeret;Netjeret;Netjeret;;Netjeret;;;;;;;;;x
b_netjeret_adj;Netjeretian;;netjereter;;;;;;;;;;;x
b_niya;Niya;Niya;Niya;;Niya;;;;;;;;;x
b_niya_adj;Niyan;;ner;;;;;;;;;;;x
b_nob;Nob;Nob;Nob;;Nob;;;;;;;;;x
b_nob_adj;Nobian;;nober;;;;;;;;;;;x
b_notion;Notion;Notion;Notion;;Notion;;;;;;;;;x
b_notion_adj;Notionian;;notioner;;;;;;;;;;;x
b_nuhasse;Nuhasse;Nuhasse;Nuhasse;;Nuhasse;;;;;;;;;x
b_nuhasse_adj;Nuhassean;;nuhasser;;;;;;;;;;;x
b_oaxos;Oaxos;Oaxos;Oaxos;;Oaxos;;;;;;;;;x
b_oaxos_adj;Oaxosian;;oaxoser;;;;;;;;;;;x
b_ocalea;Ocalea;Ocalea;Ocalea;;Ocalea;;;;;;;;;x
b_ocalea_adj;Ocalean;;ocaler;;;;;;;;;;;x
b_oechalia;Oechalia;Oechalia;Oechalia;;Oechalia;;;;;;;;;x
b_oechalia_adj;Oechalian;;oechaler;;;;;;;;;;;x
b_oeneidae;Oeneidae;Oeneidae;Oeneidae;;Oeneidae;;;;;;;;;x
b_oeneidae_adj;Oeneidaean;;oeneider;;;;;;;;;;;x
b_oenoe;Oenoe;Oenoe;Oenoe;;Oenoe;;;;;;;;;x
b_oenoe_adj;Oenoean;;oener;;;;;;;;;;;x
b_olenos;Olenos;Olenos;Olenos;;Olenos;;;;;;;;;x
b_olenos_adj;Olenosian;;olenoser;;;;;;;;;;;x
b_olizon;Olizon;Olizon;Olizon;;Olizon;;;;;;;;;x
b_olizon_adj;Olizonian;;olizoner;;;;;;;;;;;x
b_oloosson;Oloosson;Oloosson;Oloosson;;Oloosson;;;;;;;;;x
b_oloosson_adj;Oloossonian;;oloossoner;;;;;;;;;;;x
b_olumpos;Olumpos;Olumpos;Olumpos;;Olumpos;;;;;;;;;x
b_olumpos_adj;Olumposian;;olumposer;;;;;;;;;;;x
b_olympia;Olympia;Olympia;Olympia;;Olympia;;;;;;;;;x
b_olympia_adj;Olympian;;olymper;;;;;;;;;;;x
b_olynthos;Olynthos;Olynthos;Olynthos;;Olynthos;;;;;;;;;x
b_olynthos_adj;Olynthosian;;olynthoser;;;;;;;;;;;x
b_onchestus;Onchestus;Onchestus;Onchestus;;Onchestus;;;;;;;;;x
b_onchestus_adj;Onchestusian;;onchestuser;;;;;;;;;;;x
b_opus;Opus;Opus;Opus;;Opus;;;;;;;;;x
b_opus_adj;Opusian;;opuser;;;;;;;;;;;x
b_orchomenos;Orchomenos;Orchomenos;Orchomenos;;Orchomenos;;;;;;;;;x
b_orchomenos_adj;Orchomenosian;;orchomenoser;;;;;;;;;;;x
b_orchomenos_arcadia;Orchomenos Arcadia;Orchomenos Arcadia;Orchomenos Arcadia;;Orchomenos Arcadia;;;;;;;;;x
b_orchomenos_arcadia_adj;Orchomenos Arcadian;;Orchomenos Arcader;;;;;;;;;;;x
b_oresthesium;Oresthesium;Oresthesium;Oresthesium;;Oresthesium;;;;;;;;;x
b_oresthesium_adj;Oresthesiumian;;oresthesiumer;;;;;;;;;;;x
b_ormenion;Ormenion;Ormenion;Ormenion;;Ormenion;;;;;;;;;x
b_ormenion_adj;Ormenionian;;ormenioner;;;;;;;;;;;x
b_orneae;Orneae;Orneae;Orneae;;Orneae;;;;;;;;;x
b_orneae_adj;Orneaean;;orner;;;;;;;;;;;x
b_pa_iu_rek;Pa-iu-rek;Pa-iu-rek;Pa-iu-rek;;Pa-iu-rek;;;;;;;;;x
b_pa_iu_rek_adj;Pa-iu-rekian;;pa-iu-reker;;;;;;;;;;;x
b_pa_ma;Pa-ma;Pa-ma;Pa-ma;;Pa-ma;;;;;;;;;x
b_pa_ma_adj;Pa-man;;pa-mer;;;;;;;;;;;x
b_pa_sega_anyn;Pa-sega-anyn;Pa-sega-anyn;Pa-sega-anyn;;Pa-sega-anyn;;;;;;;;;x
b_pa_sega_anyn_adj;Pa-sega-anynian;;pa-sega-anyner;;;;;;;;;;;x
b_pa_shena;Pa-shena;Pa-shena;Pa-shena;;Pa-shena;;;;;;;;;x
b_pa_shena_adj;Pa-shenan;;pa-shener;;;;;;;;;;;x
b_pa_ta_en_wadjet;Pa-ta-en-Wadjet;Pa-ta-en-Wadjet;Pa-ta-en-Wadjet;;Pa-ta-en-Wadjet;;;;;;;;;x
b_pa_ta_en_wadjet_adj;Pa-ta-en-Wadjetian;;pa-ta-en-wadjeter;;;;;;;;;;;x
b_paduwanda;Paduwanda;Paduwanda;Paduwanda;;Paduwanda;;;;;;;;;x
b_paduwanda_adj;Paduwandan;;paduwander;;;;;;;;;;;x
b_pagae;Pagae;Pagae;Pagae;;Pagae;;;;;;;;;x
b_pagae_adj;Pagaean;;pager;;;;;;;;;;;x
b_pahara;Pahara;Pahara;Pahara;;Pahara;;;;;;;;;x
b_pahara_adj;Paharan;;paharer;;;;;;;;;;;x
b_pahhuwa;Pahhuwa;Pahhuwa;Pahhuwa;;Pahhuwa;;;;;;;;;x
b_pahhuwa_adj;Pahhuwan;;pahhuwer;;;;;;;;;;;x
b_pale;Pale;Pale;Pale;;Pale;;;;;;;;;x
b_pale_adj;Palean;;paler;;;;;;;;;;;x
b_palekastro;Palekastro;Palekastro;Palekastro;;Palekastro;;;;;;;;;x
b_palekastro_adj;Palekastrian;;palekastrer;;;;;;;;;;;x
b_pallene;Pallene;Pallene;Pallene;;Pallene;;;;;;;;;x
b_pallene_adj;Pallenean;;pallener;;;;;;;;;;;x
b_panormos;Panormos;Panormos;Panormos;;Panormos;;;;;;;;;x
b_panormos_adj;Panormosian;;panormoser;;;;;;;;;;;x
b_paphos;Paphos;Paphos;Paphos;;Paphos;;;;;;;;;x
b_paphos_adj;Paphosian;;paphoser;;;;;;;;;;;x
b_paqarhubuni;Paqarhubuni;Paqarhubuni;Paqarhubuni;;Paqarhubuni;;;;;;;;;x
b_paqarhubuni_adj;Paqarhubunian;;paqarhubuner;;;;;;;;;;;x
b_parha;Parha;Parha;Parha;;Parha;;;;;;;;;x
b_parha_adj;Parhan;;parher;;;;;;;;;;;x
b_pariyana;Pariyana;Pariyana;Pariyana;;Pariyana;;;;;;;;;x
b_pariyana_adj;Pariyanan;;pariyaner;;;;;;;;;;;x
b_parnassa;Parnassa;Parnassa;Parnassa;;Parnassa;;;;;;;;;x
b_parnassa_adj;Parnassan;;parnasser;;;;;;;;;;;x
b_parsuhanda;Parsuhanda;Parsuhanda;Parsuhanda;;Parsuhanda;;;;;;;;;x
b_parsuhanda_adj;Parsuhandan;;parsuhander;;;;;;;;;;;x
b_partahuina;Partahuina;Partahuina;Partahuina;;Partahuina;;;;;;;;;x
b_partahuina_adj;Partahuinan;;partahuiner;;;;;;;;;;;x
b_patara;Patara;Patara;Patara;;Patara;;;;;;;;;x
b_patara_adj;Pataran;;patarer;;;;;;;;;;;x
b_patra;Patra;Patra;Patra;;Patra;;;;;;;;;x
b_patra_adj;Patran;;patrer;;;;;;;;;;;x
b_pavlopetri;Pavlopetri;Pavlopetri;Pavlopetri;;Pavlopetri;;;;;;;;;x
b_pavlopetri_adj;Pavlopetrian;;pavlopetrer;;;;;;;;;;;x
b_pe_na_heter;Pe-na-heter;Pe-na-heter;Pe-na-heter;;Pe-na-heter;;;;;;;;;x
b_pe_na_heter_adj;Pe-na-heterian;;pe-na-heterer;;;;;;;;;;;x
b_pedashash;Pedashash;Pedashash;Pedashash;;Pedashash;;;;;;;;;x
b_pedashash_adj;Pedashashian;;pedashasher;;;;;;;;;;;x
b_peges;Peges;Peges;Peges;;Peges;;;;;;;;;x
b_peges_adj;Pegesian;;pegeser;;;;;;;;;;;x
b_pella;Pella;Pella;Pella;;Pella;;;;;;;;;x
b_pella_adj;Pellan;;peller;;;;;;;;;;;x
b_pellene;Pellene;Pellene;Pellene;;Pellene;;;;;;;;;x
b_pellene_adj;Pellenean;;pellener;;;;;;;;;;;x
b_pen_na_nehsi;Pen-na-Nehsi;Pen-na-Nehsi;Pen-na-Nehsi;;Pen-na-Nehsi;;;;;;;;;x
b_pen_na_nehsi_adj;Pen-na-Nehsian;;pen-na-nehser;;;;;;;;;;;x
b_penteli;Penteli;Penteli;Penteli;;Penteli;;;;;;;;;x
b_penteli_adj;Pentelian;;penteler;;;;;;;;;;;x
b_peparethos;Peparethos;Peparethos;Peparethos;;Peparethos;;;;;;;;;x
b_peparethos_adj;Peparethosian;;peparethoser;;;;;;;;;;;x
b_per_ba_neb_djedet;Per-ba-neb-Djedet;Per-ba-neb-Djedet;Per-ba-neb-Djedet;;Per-ba-neb-Djedet;;;;;;;;;x
b_per_ba_neb_djedet_adj;Per-ba-neb-Djedetian;;per-ba-neb-djedeter;;;;;;;;;;;x
b_per_bastet;Per-Bastet;Per-Bastet;Per-Bastet;;Per-Bastet;;;;;;;;;x
b_per_bastet_adj;Per-Bastetian;;per-basteter;;;;;;;;;;;x
b_per_djadja;Per-djadja;Per-djadja;Per-djadja;;Per-djadja;;;;;;;;;x
b_per_djadja_adj;Per-djadjan;;per-djadjer;;;;;;;;;;;x
b_per_huther;Per-Huther;Per-Huther;Per-Huther;;Per-Huther;;;;;;;;;x
b_per_huther_adj;Per-Hutherian;;per-hutherer;;;;;;;;;;;x
b_per_huther_nebet_mefkat;Per-Huther-nebet-mefkat;Per-Huther-nebet-mefkat;Per-Huther-nebet-mefkat;;Per-Huther-nebet-mefkat;;;;;;;;;x
b_per_huther_nebet_mefkat_adj;Per-Huther-nebet-mefkatian;;per-huther-nebet-mefkater;;;;;;;;;;;x
b_per_imetu;Per-Imetu;Per-Imetu;Per-Imetu;;Per-Imetu;;;;;;;;;x
b_per_imetu_adj;Per-Imetian;;per-imeter;;;;;;;;;;;x
b_per_medjed;Per-Medjed;Per-Medjed;Per-Medjed;;Per-Medjed;;;;;;;;;x
b_per_medjed_adj;Per-Medjedian;;per-medjeder;;;;;;;;;;;x
b_per_nu_em_am;Per-nu-em-am;Per-nu-em-am;Per-nu-em-am;;Per-nu-em-am;;;;;;;;;x
b_per_nu_em_am_adj;Per-nu-em-amian;;per-nu-em-amer;;;;;;;;;;;x
b_per_pakhet;Per-Pakhet;Per-Pakhet;Per-Pakhet;;Per-Pakhet;;;;;;;;;x
b_per_pakhet_adj;Per-Pakhetian;;per-pakheter;;;;;;;;;;;x
b_per_ramessu;Per-Ramessu;Per-Ramessu;Per-Ramessu;;Per-Ramessu;;;;;;;;;x
b_per_ramessu_adj;Per-Ramessian;;per-ramesser;;;;;;;;;;;x
b_per_sekhmekhperera;Per-Sekhmekhperera;Per-Sekhmekhperera;Per-Sekhmekhperera;;Per-Sekhmekhperera;;;;;;;;;x
b_per_sekhmekhperera_adj;Per-Sekhmekhpereran;;per-sekhmekhpererer;;;;;;;;;;;x
b_per_shaq;Per-shaq;Per-shaq;Per-shaq;;Per-shaq;;;;;;;;;x
b_per_shaq_adj;Per-shaqian;;per-shaqer;;;;;;;;;;;x
b_per_shesh;Per-shesh;Per-shesh;Per-shesh;;Per-shesh;;;;;;;;;x
b_per_shesh_adj;Per-sheshian;;per-shesher;;;;;;;;;;;x
b_per_wadjet;Per-Wadjet;Per-Wadjet;Per-Wadjet;;Per-Wadjet;;;;;;;;;x
b_per_wadjet_adj;Per-Wadjetian;;per-wadjeter;;;;;;;;;;;x
b_per_wedjy;Per-wedjy;Per-wedjy;Per-wedjy;;Per-wedjy;;;;;;;;;x
b_per_wedjy_adj;Per-wedjian;;per-wedjer;;;;;;;;;;;x
b_per_wesir;Per-Wesir;Per-Wesir;Per-Wesir;;Per-Wesir;;;;;;;;;x
b_per_wesir_adj;Per-Wesirian;;per-wesirer;;;;;;;;;;;x
b_perati;Perati;Perati;Perati;;Perati;;;;;;;;;x
b_perati_adj;Peratian;;perater;;;;;;;;;;;x
b_pergamon;Pergamon;Pergamon;Pergamon;;Pergamon;;;;;;;;;x
b_pergamon_adj;Pergamonian;;pergamoner;;;;;;;;;;;x
b_pericharaxis;Pericharaxis;Pericharaxis;Pericharaxis;;Pericharaxis;;;;;;;;;x
b_pericharaxis_adj;Pericharaxisian;;pericharaxiser;;;;;;;;;;;x
b_peristeria;Peristeria;Peristeria;Peristeria;;Peristeria;;;;;;;;;x
b_peristeria_adj;Peristerian;;peristerer;;;;;;;;;;;x
b_perkote;Perkote;Perkote;Perkote;;Perkote;;;;;;;;;x
b_perkote_adj;Perkotean;;perkoter;;;;;;;;;;;x
b_perrhaebi;Perrhaebi;Perrhaebi;Perrhaebi;;Perrhaebi;;;;;;;;;x
b_perrhaebi_adj;Perrhaebian;;perrhaeber;;;;;;;;;;;x
b_petralonia;Petralonia;Petralonia;Petralonia;;Petralonia;;;;;;;;;x
b_petralonia_adj;Petralonian;;petraloner;;;;;;;;;;;x
b_phaistos;Phaistos;Phaistos;Phaistos;;Phaistos;;;;;;;;;x
b_phaistos_adj;Phaistosian;;phaistoser;;;;;;;;;;;x
b_phara;Phara;Phara;Phara;;Phara;;;;;;;;;x
b_phara_adj;Pharan;;pharer;;;;;;;;;;;x
b_pharae;Pharae;Pharae;Pharae;;Pharae;;;;;;;;;x
b_pharae_adj;Pharaean;;pharer;;;;;;;;;;;x
b_pharis;Pharis;Pharis;Pharis;;Pharis;;;;;;;;;x
b_pharis_adj;Pharisian;;phariser;;;;;;;;;;;x
b_pheneos;Pheneos;Pheneos;Pheneos;;Pheneos;;;;;;;;;x
b_pheneos_adj;Pheneosian;;pheneoser;;;;;;;;;;;x
b_pherae;Pherae;Pherae;Pherae;;Pherae;;;;;;;;;x
b_pherae_adj;Pheraean;;pherer;;;;;;;;;;;x
b_pherea;Pherea;Pherea;Pherea;;Pherea;;;;;;;;;x
b_pherea_adj;Pherean;;pherer;;;;;;;;;;;x
b_phigalia;Phigalia;Phigalia;Phigalia;;Phigalia;;;;;;;;;x
b_phigalia_adj;Phigalian;;phigaler;;;;;;;;;;;x
b_phokaia;Phokaia;Phokaia;Phokaia;;Phokaia;;;;;;;;;x
b_phokaia_adj;Phokaian;;phoker;;;;;;;;;;;x
b_phylakae;Phylakae;Phylakae;Phylakae;;Phylakae;;;;;;;;;x
b_phylakae_adj;Phylakaean;;phylaker;;;;;;;;;;;x
b_phylakopi;Phylakopi;Phylakopi;Phylakopi;;Phylakopi;;;;;;;;;x
b_phylakopi_adj;Phylakopian;;phylakoper;;;;;;;;;;;x
b_piddaniyasa;Piddaniyasa;Piddaniyasa;Piddaniyasa;;Piddaniyasa;;;;;;;;;x
b_piddaniyasa_adj;Piddaniyasan;;piddaniyaser;;;;;;;;;;;x
b_pidi;Pidi;Pidi;Pidi;;Pidi;;;;;;;;;x
b_pidi_adj;Pidian;;pider;;;;;;;;;;;x
b_pinata;Pinata;Pinata;Pinata;;Pinata;;;;;;;;;x
b_pinata_adj;Pinatan;;pinater;;;;;;;;;;;x
b_pireas;Pireas;Pireas;Pireas;;Pireas;;;;;;;;;x
b_pireas_adj;Pireasian;;pireaser;;;;;;;;;;;x
b_pisa;Pisa;Pisa;Pisa;;Pisa;;;;;;;;;x
b_pisa_adj;Pisan;;piser;;;;;;;;;;;x
b_pitassa;Pitassa;Pitassa;Pitassa;;Pitassa;;;;;;;;;x
b_pitassa_adj;Pitassan;;pitasser;;;;;;;;;;;x
b_pittina;Pittina;Pittina;Pittina;;Pittina;;;;;;;;;x
b_pittina_adj;Pittinan;;pittiner;;;;;;;;;;;x
b_pittiyarika;Pittiyarika;Pittiyarika;Pittiyarika;;Pittiyarika;;;;;;;;;x
b_pittiyarika_adj;Pittiyarikan;;pittiyariker;;;;;;;;;;;x
b_pituru;Pituru;Pituru;Pituru;;Pituru;;;;;;;;;x
b_pituru_adj;Piturian;;piturer;;;;;;;;;;;x
b_platea;Platea;Platea;Platea;;Platea;;;;;;;;;x
b_platea_adj;Platean;;plater;;;;;;;;;;;x
b_polyrinia;Polyrinia;Polyrinia;Polyrinia;;Polyrinia;;;;;;;;;x
b_polyrinia_adj;Polyrinian;;polyriner;;;;;;;;;;;x
b_poros;Poros;Poros;Poros;;Poros;;;;;;;;;x
b_poros_adj;Porosian;;poroser;;;;;;;;;;;x
b_potidania;Potidania;Potidania;Potidania;;Potidania;;;;;;;;;x
b_potidania_adj;Potidanian;;potidaner;;;;;;;;;;;x
b_prasiai;Prasiai;Prasiai;Prasiai;;Prasiai;;;;;;;;;x
b_prasiai_adj;Prasian;;praser;;;;;;;;;;;x
b_pteleus;Pteleus;Pteleus;Pteleus;;Pteleus;;;;;;;;;x
b_pteleus_adj;Pteleusian;;pteleuser;;;;;;;;;;;x
b_punon;Punon;Punon;Punon;;Punon;;;;;;;;;x
b_punon_adj;Punonian;;punoner;;;;;;;;;;;x
b_pylos;Pylos;Pylos;Pylos;;Pylos;;;;;;;;;x
b_pylos_adj;Pylosian;;pyloser;;;;;;;;;;;x
b_qana;Qana;Qana;Qana;;Qana;;;;;;;;;x
b_qana_adj;Qanan;;qaner;;;;;;;;;;;x
b_qarnayim;Qarnayim;Qarnayim;Qarnayim;;Qarnayim;;;;;;;;;x
b_qarnayim_adj;Qarnayimian;;qarnayimer;;;;;;;;;;;x
b_qatan;Qatan;Qatan;Qatan;;Qatan;;;;;;;;;x
b_qatan_adj;Qatanian;;qataner;;;;;;;;;;;x
b_qatna;Qatna;Qatna;Qatna;;Qatna;;;;;;;;;x
b_qatna_adj;Qatnan;;qatner;;;;;;;;;;;x
b_qedes;Qedes;Qedes;Qedes;;Qedes;;;;;;;;;x
b_qedes_adj;Qedesian;;qedeser;;;;;;;;;;;x
b_qir_hareset;Qir Hareset;Qir Hareset;Qir Hareset;;Qir Hareset;;;;;;;;;x
b_qir_hareset_adj;Qir Haresetian;;Qir Hareseter;;;;;;;;;;;x
b_qis;Qis;Qis;Qis;;Qis;;;;;;;;;x
b_qis_adj;Qisian;;qiser;;;;;;;;;;;x
b_ra_henet;Ra-henet;Ra-henet;Ra-henet;;Ra-henet;;;;;;;;;x
b_ra_henet_adj;Ra-henetian;;ra-heneter;;;;;;;;;;;x
b_ra_inet;Ra-inet;Ra-inet;Ra-inet;;Ra-inet;;;;;;;;;x
b_ra_inet_adj;Ra-inetian;;ra-ineter;;;;;;;;;;;x
b_ra_nefer;Ra-nefer;Ra-nefer;Ra-nefer;;Ra-nefer;;;;;;;;;x
b_ra_nefer_adj;Ra-neferian;;ra-neferer;;;;;;;;;;;x
b_ra_qedit;Ra-qedit;Ra-qedit;Ra-qedit;;Ra-qedit;;;;;;;;;x
b_ra_qedit_adj;Ra-qeditian;;ra-qediter;;;;;;;;;;;x
b_ra_wati;Ra-wati;Ra-wati;Ra-wati;;Ra-wati;;;;;;;;;x
b_ra_wati_adj;Ra-watian;;ra-water;;;;;;;;;;;x
b_rabbat_ammon;Rabbat Ammon;Rabbat Ammon;Rabbat Ammon;;Rabbat Ammon;;;;;;;;;x
b_rabbat_ammon_adj;Rabbat Ammonian;;Rabbat Ammoner;;;;;;;;;;;x
b_ramah;Ramah;Ramah;Ramah;;Ramah;;;;;;;;;x
b_ramah_adj;Ramahian;;ramaher;;;;;;;;;;;x
b_ramnous;Ramnous;Ramnous;Ramnous;;Ramnous;;;;;;;;;x
b_ramnous_adj;Ramnousian;;ramnouser;;;;;;;;;;;x
b_ramoth;Ramoth;Ramoth;Ramoth;;Ramoth;;;;;;;;;x
b_ramoth_adj;Ramothian;;ramother;;;;;;;;;;;x
b_rapihu;Rapihu;Rapihu;Rapihu;;Rapihu;;;;;;;;;x
b_rapihu_adj;Rapihian;;rapiher;;;;;;;;;;;x
b_rasappa;Rasappa;Rasappa;Rasappa;;Rasappa;;;;;;;;;x
b_rasappa_adj;Rasappan;;rasapper;;;;;;;;;;;x
b_rhodios;Rhodios;Rhodios;Rhodios;;Rhodios;;;;;;;;;x
b_rhodios_adj;Rhodiosian;;rhodioser;;;;;;;;;;;x
b_rhytion;Rhytion;Rhytion;Rhytion;;Rhytion;;;;;;;;;x
b_rhytion_adj;Rhytionian;;rhytioner;;;;;;;;;;;x
b_rimmon;Rimmon;Rimmon;Rimmon;;Rimmon;;;;;;;;;x
b_rimmon_adj;Rimmonian;;rimmoner;;;;;;;;;;;x
b_rithymna;Rithymna;Rithymna;Rithymna;;Rithymna;;;;;;;;;x
b_rithymna_adj;Rithymnan;;rithymner;;;;;;;;;;;x
b_sa_hebu;Sa-hebu;Sa-hebu;Sa-hebu;;Sa-hebu;;;;;;;;;x
b_sa_hebu_adj;Sa-hebian;;sa-heber;;;;;;;;;;;x
b_saaru;Sa'aru;Sa'aru;Sa'aru;;Sa'aru;;;;;;;;;x
b_saaru_adj;Sa'arian;;sa'arer;;;;;;;;;;;x
b_sabazu;Sabazu;Sabazu;Sabazu;;Sabazu;;;;;;;;;x
b_sabazu_adj;Sabazian;;sabazer;;;;;;;;;;;x
b_sahiriya;Sahiriya;Sahiriya;Sahiriya;;Sahiriya;;;;;;;;;x
b_sahiriya_adj;Sahiriyan;;sahirer;;;;;;;;;;;x
b_sakdunuwa;Sakdunuwa;Sakdunuwa;Sakdunuwa;;Sakdunuwa;;;;;;;;;x
b_sakdunuwa_adj;Sakdunuwan;;sakdunuwer;;;;;;;;;;;x
b_salahsuwa;Salahsuwa;Salahsuwa;Salahsuwa;;Salahsuwa;;;;;;;;;x
b_salahsuwa_adj;Salahsuwan;;salahsuwer;;;;;;;;;;;x
b_salamis;Salamis;Salamis;Salamis;;Salamis;;;;;;;;;x
b_salamis_adj;Salamisian;;salamiser;;;;;;;;;;;x
b_salampa;Salampa;Salampa;Salampa;;Salampa;;;;;;;;;x
b_salampa_adj;Salampan;;salamper;;;;;;;;;;;x
b_salatiwara;Salatiwara;Salatiwara;Salatiwara;;Salatiwara;;;;;;;;;x
b_salatiwara_adj;Salatiwaran;;salatiwarer;;;;;;;;;;;x
b_saliya;Saliya;Saliya;Saliya;;Saliya;;;;;;;;;x
b_saliya_adj;Saliyan;;saler;;;;;;;;;;;x
b_sallapa;Sallapa;Sallapa;Sallapa;;Sallapa;;;;;;;;;x
b_sallapa_adj;Sallapan;;sallaper;;;;;;;;;;;x
b_sallusa;Sallusa;Sallusa;Sallusa;;Sallusa;;;;;;;;;x
b_sallusa_adj;Sallusan;;salluser;;;;;;;;;;;x
b_salma;Salma;Salma;Salma;;Salma;;;;;;;;;x
b_salma_adj;Salman;;salmer;;;;;;;;;;;x
b_samos_apasa;Samos Apasa;Samos Apasa;Samos Apasa;;Samos Apasa;;;;;;;;;x
b_samos_apasa_adj;Samos Apasan;;Samos Apaser;;;;;;;;;;;x
b_samothraki;Samothraki;Samothraki;Samothraki;;Samothraki;;;;;;;;;x
b_samothraki_adj;Samothrakian;;samothraker;;;;;;;;;;;x
b_samsimuruna;Samsimuruna;Samsimuruna;Samsimuruna;;Samsimuruna;;;;;;;;;x
b_samsimuruna_adj;Samsimurunan;;samsimuruner;;;;;;;;;;;x
b_samuha;Samuha;Samuha;Samuha;;Samuha;;;;;;;;;x
b_samuha_adj;Samuhan;;samuher;;;;;;;;;;;x
b_sanahwitta;Sanahwitta;Sanahwitta;Sanahwitta;;Sanahwitta;;;;;;;;;x
b_sanahwitta_adj;Sanahwittan;;sanahwitter;;;;;;;;;;;x
b_sapinuwa;Sapinuwa;Sapinuwa;Sapinuwa;;Sapinuwa;;;;;;;;;x
b_sapinuwa_adj;Sapinuwan;;sapinuwer;;;;;;;;;;;x
b_sappa;Sappa;Sappa;Sappa;;Sappa;;;;;;;;;x
b_sappa_adj;Sappan;;sapper;;;;;;;;;;;x
b_sappiduwa;Sappiduwa;Sappiduwa;Sappiduwa;;Sappiduwa;;;;;;;;;x
b_sappiduwa_adj;Sappiduwan;;sappiduwer;;;;;;;;;;;x
b_saranduwa;Saranduwa;Saranduwa;Saranduwa;;Saranduwa;;;;;;;;;x
b_saranduwa_adj;Saranduwan;;saranduwer;;;;;;;;;;;x
b_sarepat;Sarepat;Sarepat;Sarepat;;Sarepat;;;;;;;;;x
b_sarepat_adj;Sarepatian;;sarepater;;;;;;;;;;;x
b_saretan;Saretan;Saretan;Saretan;;Saretan;;;;;;;;;x
b_saretan_adj;Saretanian;;saretaner;;;;;;;;;;;x
b_sarisa;Sarisa;Sarisa;Sarisa;;Sarisa;;;;;;;;;x
b_sarisa_adj;Sarisan;;sariser;;;;;;;;;;;x
b_saruhen;Saruhen;Saruhen;Saruhen;;Saruhen;;;;;;;;;x
b_saruhen_adj;Saruhenian;;saruhener;;;;;;;;;;;x
b_sau;Sau;Sau;Sau;;Sau;;;;;;;;;x
b_sau_adj;Sian;;ser;;;;;;;;;;;x
b_sauti;Sauti;Sauti;Sauti;;Sauti;;;;;;;;;x
b_sauti_adj;Sautian;;sauter;;;;;;;;;;;x
b_sawit;Sawit;Sawit;Sawit;;Sawit;;;;;;;;;x
b_sawit_adj;Sawitian;;sawiter;;;;;;;;;;;x
b_sazana;Sazana;Sazana;Sazana;;Sazana;;;;;;;;;x
b_sazana_adj;Sazanan;;sazaner;;;;;;;;;;;x
b_sebhet;Sebhet;Sebhet;Sebhet;;Sebhet;;;;;;;;;x
b_sebhet_adj;Sebhetian;;sebheter;;;;;;;;;;;x
b_seha;Seha;Seha;Seha;;Seha;;;;;;;;;x
b_seha_adj;Sehan;;seher;;;;;;;;;;;x
b_semen_her;Semen-Her;Semen-Her;Semen-Her;;Semen-Her;;;;;;;;;x
b_semen_her_adj;Semen-Herian;;semen-herer;;;;;;;;;;;x
b_senenia;Senenia;Senenia;Senenia;;Senenia;;;;;;;;;x
b_senenia_adj;Senenian;;senener;;;;;;;;;;;x
b_seni;Seni;Seni;Seni;;Seni;;;;;;;;;x
b_seni_adj;Senian;;sener;;;;;;;;;;;x
b_seper_meru;Seper-meru;Seper-meru;Seper-meru;;Seper-meru;;;;;;;;;x
b_seper_meru_adj;Seper-merian;;seper-merer;;;;;;;;;;;x
b_serigga;Serigga;Serigga;Serigga;;Serigga;;;;;;;;;x
b_serigga_adj;Seriggan;;serigger;;;;;;;;;;;x
b_sestus;Sestus;Sestus;Sestus;;Sestus;;;;;;;;;x
b_sestus_adj;Sestusian;;sestuser;;;;;;;;;;;x
b_setjet;Setjet;Setjet;Setjet;;Setjet;;;;;;;;;x
b_setjet_adj;Setjetian;;setjeter;;;;;;;;;;;x
b_sfard;Sfard;Sfard;Sfard;;Sfard;;;;;;;;;x
b_sfard_adj;Sfardian;;sfarder;;;;;;;;;;;x
b_sha_repet;Sha-repet;Sha-repet;Sha-repet;;Sha-repet;;;;;;;;;x
b_sha_repet_adj;Sha-repetian;;sha-repeter;;;;;;;;;;;x
b_shabet;Shabet;Shabet;Shabet;;Shabet;;;;;;;;;x
b_shabet_adj;Shabetian;;shabeter;;;;;;;;;;;x
b_shamal;Shamal;Shamal;Shamal;;Shamal;;;;;;;;;x
b_shamal_adj;Shamalian;;shamaler;;;;;;;;;;;x
b_shash_hetep;Shash-hetep;Shash-hetep;Shash-hetep;;Shash-hetep;;;;;;;;;x
b_shash_hetep_adj;Shash-hetepian;;shash-heteper;;;;;;;;;;;x
b_shedenu;Shedenu;Shedenu;Shedenu;;Shedenu;;;;;;;;;x
b_shedenu_adj;Shedenian;;shedener;;;;;;;;;;;x
b_shedet;Shedet;Shedet;Shedet;;Shedet;;;;;;;;;x
b_shedet_adj;Shedetian;;shedeter;;;;;;;;;;;x
b_shenut_em_qemau;Shenut-em-qemau;Shenut-em-qemau;Shenut-em-qemau;;Shenut-em-qemau;;;;;;;;;x
b_shenut_em_qemau_adj;Shenut-em-qemian;;shenut-em-qemer;;;;;;;;;;;x
b_shesepet;Shesepet;Shesepet;Shesepet;;Shesepet;;;;;;;;;x
b_shesepet_adj;Shesepetian;;shesepeter;;;;;;;;;;;x
b_shiloh;Shiloh;Shiloh;Shiloh;;Shiloh;;;;;;;;;x
b_shiloh_adj;Shilohian;;shiloher;;;;;;;;;;;x
b_shomron;Shomron;Shomron;Shomron;;Shomron;;;;;;;;;x
b_shomron_adj;Shomronian;;shomroner;;;;;;;;;;;x
b_sidon;Sidon;Sidon;Sidon;;Sidon;;;;;;;;;x
b_sidon_adj;Sidonian;;sidoner;;;;;;;;;;;x
b_sigata;Sigata;Sigata;Sigata;;Sigata;;;;;;;;;x
b_sigata_adj;Sigatan;;sigater;;;;;;;;;;;x
b_sinnuwanda;Sinnuwanda;Sinnuwanda;Sinnuwanda;;Sinnuwanda;;;;;;;;;x
b_sinnuwanda_adj;Sinnuwandan;;sinnuwander;;;;;;;;;;;x
b_sinu;Sinu;Sinu;Sinu;;Sinu;;;;;;;;;x
b_sinu_adj;Sinian;;siner;;;;;;;;;;;x
b_sinuwa;Sinuwa;Sinuwa;Sinuwa;;Sinuwa;;;;;;;;;x
b_sinuwa_adj;Sinuwan;;sinuwer;;;;;;;;;;;x
b_sinzar;Sinzar;Sinzar;Sinzar;;Sinzar;;;;;;;;;x
b_sinzar_adj;Sinzarian;;sinzarer;;;;;;;;;;;x
b_sipri;Sipri;Sipri;Sipri;;Sipri;;;;;;;;;x
b_sipri_adj;Siprian;;siprer;;;;;;;;;;;x
b_siqlag;Siqlag;Siqlag;Siqlag;;Siqlag;;;;;;;;;x
b_siqlag_adj;Siqlagian;;siqlager;;;;;;;;;;;x
b_siyannu;Siyannu;Siyannu;Siyannu;;Siyannu;;;;;;;;;x
b_siyannu_adj;Siyannian;;siyanner;;;;;;;;;;;x
b_skandeia;Skandeia;Skandeia;Skandeia;;Skandeia;;;;;;;;;x
b_skandeia_adj;Skandeian;;skander;;;;;;;;;;;x
b_skyros;Skyros;Skyros;Skyros;;Skyros;;;;;;;;;x
b_skyros_adj;Skyrosian;;skyroser;;;;;;;;;;;x
b_sobah;Sobah;Sobah;Sobah;;Sobah;;;;;;;;;x
b_sobah_adj;Sobahian;;sobaher;;;;;;;;;;;x
b_sokoh;Sokoh;Sokoh;Sokoh;;Sokoh;;;;;;;;;x
b_sokoh_adj;Sokohian;;sokoher;;;;;;;;;;;x
b_sorah;Sorah;Sorah;Sorah;;Sorah;;;;;;;;;x
b_sorah_adj;Sorahian;;soraher;;;;;;;;;;;x
b_sounio;Sounio;Sounio;Sounio;;Sounio;;;;;;;;;x
b_sounio_adj;Sounian;;souner;;;;;;;;;;;x
b_stratos;Stratos;Stratos;Stratos;;Stratos;;;;;;;;;x
b_stratos_adj;Stratosian;;stratoser;;;;;;;;;;;x
b_stymphalos;Stymphalos;Stymphalos;Stymphalos;;Stymphalos;;;;;;;;;x
b_stymphalos_adj;Stymphalosian;;stymphaloser;;;;;;;;;;;x
b_suhure;Suhure;Suhure;Suhure;;Suhure;;;;;;;;;x
b_suhure_adj;Suhurean;;suhurer;;;;;;;;;;;x
b_suksi;Suksi;Suksi;Suksi;;Suksi;;;;;;;;;x
b_suksi_adj;Suksian;;sukser;;;;;;;;;;;x
b_sukziya;Sukziya;Sukziya;Sukziya;;Sukziya;;;;;;;;;x
b_sukziya_adj;Sukziyan;;sukzer;;;;;;;;;;;x
b_suluppa;Suluppa;Suluppa;Suluppa;;Suluppa;;;;;;;;;x
b_suluppa_adj;Suluppan;;sulupper;;;;;;;;;;;x
b_sumur;Sumur;Sumur;Sumur;;Sumur;;;;;;;;;x
b_sumur_adj;Sumurian;;sumurer;;;;;;;;;;;x
b_sunem;Sunem;Sunem;Sunem;;Sunem;;;;;;;;;x
b_sunem_adj;Sunemian;;sunemer;;;;;;;;;;;x
b_sunit;Sunit;Sunit;Sunit;;Sunit;;;;;;;;;x
b_sunit_adj;Sunitian;;suniter;;;;;;;;;;;x
b_sunu;Sunu;Sunu;Sunu;;Sunu;;;;;;;;;x
b_sunu_adj;Sunian;;suner;;;;;;;;;;;x
b_suppiluliya;Suppiluliya;Suppiluliya;Suppiluliya;;Suppiluliya;;;;;;;;;x
b_suppiluliya_adj;Suppiluliyan;;suppiluler;;;;;;;;;;;x
b_sur;Sur;Sur;Sur;;Sur;;;;;;;;;x
b_sur_adj;Surian;;surer;;;;;;;;;;;x
b_surim;Surim;Surim;Surim;;Surim;;;;;;;;;x
b_surim_adj;Surimian;;surimer;;;;;;;;;;;x
b_suru;Suru;Suru;Suru;;Suru;;;;;;;;;x
b_suru_adj;Surian;;surer;;;;;;;;;;;x
b_suruda;Suruda;Suruda;Suruda;;Suruda;;;;;;;;;x
b_suruda_adj;Surudan;;suruder;;;;;;;;;;;x
b_surunu;Surunu;Surunu;Surunu;;Surunu;;;;;;;;;x
b_surunu_adj;Surunian;;suruner;;;;;;;;;;;x
b_suwatara;Suwatara;Suwatara;Suwatara;;Suwatara;;;;;;;;;x
b_suwatara_adj;Suwataran;;suwatarer;;;;;;;;;;;x
b_sykyon;Sykyon;Sykyon;Sykyon;;Sykyon;;;;;;;;;x
b_sykyon_adj;Sykyonian;;sykyoner;;;;;;;;;;;x
b_syme;Syme;Syme;Syme;;Syme;;;;;;;;;x
b_syme_adj;Symean;;symer;;;;;;;;;;;x
b_ta_henet;Ta-henet;Ta-henet;Ta-henet;;Ta-henet;;;;;;;;;x
b_ta_henet_adj;Ta-henetian;;ta-heneter;;;;;;;;;;;x
b_ta_iadet_kamen;Ta-iadet-kamen;Ta-iadet-kamen;Ta-iadet-kamen;;Ta-iadet-kamen;;;;;;;;;x
b_ta_iadet_kamen_adj;Ta-iadet-kamenian;;ta-iadet-kamener;;;;;;;;;;;x
b_ta_iadet_redj;Ta-iadet-redj;Ta-iadet-redj;Ta-iadet-redj;;Ta-iadet-redj;;;;;;;;;x
b_ta_iadet_redj_adj;Ta-iadet-redjian;;ta-iadet-redjer;;;;;;;;;;;x
b_ta_ra_au;Ta-ra-au;Ta-ra-au;Ta-ra-au;;Ta-ra-au;;;;;;;;;x
b_ta_ra_au_adj;Ta-ra-ian;;ta-ra-er;;;;;;;;;;;x
b_ta_remu;Ta-remu;Ta-remu;Ta-remu;;Ta-remu;;;;;;;;;x
b_ta_remu_adj;Ta-remian;;ta-remer;;;;;;;;;;;x
b_ta_wehet;Ta-wehet;Ta-wehet;Ta-wehet;;Ta-wehet;;;;;;;;;x
b_ta_wehet_adj;Ta-wehetian;;ta-weheter;;;;;;;;;;;x
b_taedizina;Taedizina;Taedizina;Taedizina;;Taedizina;;;;;;;;;x
b_taedizina_adj;Taedizinan;;taediziner;;;;;;;;;;;x
b_taenaron;Taenaron;Taenaron;Taenaron;;Taenaron;;;;;;;;;x
b_taenaron_adj;Taenaronian;;taenaroner;;;;;;;;;;;x
b_tahappisuna;Tahappisuna;Tahappisuna;Tahappisuna;;Tahappisuna;;;;;;;;;x
b_tahappisuna_adj;Tahappisunan;;tahappisuner;;;;;;;;;;;x
b_tahazzimuna;Tahazzimuna;Tahazzimuna;Tahazzimuna;;Tahazzimuna;;;;;;;;;x
b_tahazzimuna_adj;Tahazzimunan;;tahazzimuner;;;;;;;;;;;x
b_tahurpa;Tahurpa;Tahurpa;Tahurpa;;Tahurpa;;;;;;;;;x
b_tahurpa_adj;Tahurpan;;tahurper;;;;;;;;;;;x
b_takkupta;Takkupta;Takkupta;Takkupta;;Takkupta;;;;;;;;;x
b_takkupta_adj;Takkuptan;;takkupter;;;;;;;;;;;x
b_talahi;Talahi;Talahi;Talahi;;Talahi;;;;;;;;;x
b_talahi_adj;Talahian;;talaher;;;;;;;;;;;x
b_talawa;Talawa;Talawa;Talawa;;Talawa;;;;;;;;;x
b_talawa_adj;Talawan;;talawer;;;;;;;;;;;x
b_talmar;Talmar;Talmar;Talmar;;Talmar;;;;;;;;;x
b_talmar_adj;Talmarian;;talmarer;;;;;;;;;;;x
b_talwisuwanda;Talwisuwanda;Talwisuwanda;Talwisuwanda;;Talwisuwanda;;;;;;;;;x
b_talwisuwanda_adj;Talwisuwandan;;talwisuwander;;;;;;;;;;;x
b_tapapanuwa;Tapapanuwa;Tapapanuwa;Tapapanuwa;;Tapapanuwa;;;;;;;;;x
b_tapapanuwa_adj;Tapapanuwan;;tapapanuwer;;;;;;;;;;;x
b_tapikka;Tapikka;Tapikka;Tapikka;;Tapikka;;;;;;;;;x
b_tapikka_adj;Tapikkan;;tapikker;;;;;;;;;;;x
b_tarhuntassa;Tarhuntassa;Tarhuntassa;Tarhuntassa;;Tarhuntassa;;;;;;;;;x
b_tarhuntassa_adj;Tarhuntassan;;tarhuntasser;;;;;;;;;;;x
b_tarittara;Tarittara;Tarittara;Tarittara;;Tarittara;;;;;;;;;x
b_tarittara_adj;Tarittaran;;tarittarer;;;;;;;;;;;x
b_tarsa;Tarsa;Tarsa;Tarsa;;Tarsa;;;;;;;;;x
b_tarsa_adj;Tarsan;;tarser;;;;;;;;;;;x
b_taru;Taru;Taru;Taru;;Taru;;;;;;;;;x
b_taru_adj;Tarian;;tarer;;;;;;;;;;;x
b_taskuriya;Taskuriya;Taskuriya;Taskuriya;;Taskuriya;;;;;;;;;x
b_taskuriya_adj;Taskuriyan;;taskurer;;;;;;;;;;;x
b_tawa;Tawa;Tawa;Tawa;;Tawa;;;;;;;;;x
b_tawa_adj;Tawan;;tawer;;;;;;;;;;;x
b_tawet;Tawet;Tawet;Tawet;;Tawet;;;;;;;;;x
b_tawet_adj;Tawetian;;taweter;;;;;;;;;;;x
b_tawiniya;Tawiniya;Tawiniya;Tawiniya;;Tawiniya;;;;;;;;;x
b_tawiniya_adj;Tawiniyan;;tawiner;;;;;;;;;;;x
b_tayu_djayt;Tayu-djayt;Tayu-djayt;Tayu-djayt;;Tayu-djayt;;;;;;;;;x
b_tayu_djayt_adj;Tayu-djaytian;;tayu-djayter;;;;;;;;;;;x
b_tebah;Tebah;Tebah;Tebah;;Tebah;;;;;;;;;x
b_tebah_adj;Tebahian;;tebaher;;;;;;;;;;;x
b_tebes;Tebes;Tebes;Tebes;;Tebes;;;;;;;;;x
b_tebes_adj;Tebesian;;tebeser;;;;;;;;;;;x
b_tegarama;Tegarama;Tegarama;Tegarama;;Tegarama;;;;;;;;;x
b_tegarama_adj;Tegaraman;;tegaramer;;;;;;;;;;;x
b_tegea;Tegea;Tegea;Tegea;;Tegea;;;;;;;;;x
b_tegea_adj;Tegean;;teger;;;;;;;;;;;x
b_tenedos;Tenedos;Tenedos;Tenedos;;Tenedos;;;;;;;;;x
b_tenedos_adj;Tenedosian;;tenedoser;;;;;;;;;;;x
b_teos;Teos;Teos;Teos;;Teos;;;;;;;;;x
b_teos_adj;Teosian;;teoser;;;;;;;;;;;x
b_tep_ihu;Tep-ihu;Tep-ihu;Tep-ihu;;Tep-ihu;;;;;;;;;x
b_tep_ihu_adj;Tep-ihian;;tep-iher;;;;;;;;;;;x
b_terqa;Terqa;Terqa;Terqa;;Terqa;;;;;;;;;x
b_terqa_adj;Terqan;;terqer;;;;;;;;;;;x
b_terussa;Terussa;Terussa;Terussa;;Terussa;;;;;;;;;x
b_terussa_adj;Terussan;;terusser;;;;;;;;;;;x
b_teuthrone;Teuthrone;Teuthrone;Teuthrone;;Teuthrone;;;;;;;;;x
b_teuthrone_adj;Teuthronean;;teuthroner;;;;;;;;;;;x
b_thaumakie;Thaumakie;Thaumakie;Thaumakie;;Thaumakie;;;;;;;;;x
b_thaumakie_adj;Thaumakiean;;thaumaker;;;;;;;;;;;x
b_thebe;Thebe;Thebe;Thebe;;Thebe;;;;;;;;;x
b_thebe_adj;Thebean;;theber;;;;;;;;;;;x
b_thebes;Thebes;Thebes;Thebes;;Thebes;;;;;;;;;x
b_thebes_adj;Thebesian;;thebeser;;;;;;;;;;;x
b_thera;Thera;Thera;Thera;;Thera;;;;;;;;;x
b_thera_adj;Theran;;therer;;;;;;;;;;;x
b_therme;Therme;Therme;Therme;;Therme;;;;;;;;;x
b_therme_adj;Thermean;;thermer;;;;;;;;;;;x
b_thermes;Thermes;Thermes;Thermes;;Thermes;;;;;;;;;x
b_thermes_adj;Thermesian;;thermeser;;;;;;;;;;;x
b_thespiae;Thespiae;Thespiae;Thespiae;;Thespiae;;;;;;;;;x
b_thespiae_adj;Thespiaean;;thesper;;;;;;;;;;;x
b_thisbe;Thisbe;Thisbe;Thisbe;;Thisbe;;;;;;;;;x
b_thisbe_adj;Thisbean;;thisber;;;;;;;;;;;x
b_thyrea;Thyrea;Thyrea;Thyrea;;Thyrea;;;;;;;;;x
b_thyrea_adj;Thyrean;;thyrer;;;;;;;;;;;x
b_thyrion;Thyrion;Thyrion;Thyrion;;Thyrion;;;;;;;;;x
b_thyrion_adj;Thyrionian;;thyrioner;;;;;;;;;;;x
b_til_basere;Til-Basere;Til-Basere;Til-Basere;;Til-Basere;;;;;;;;;x
b_til_basere_adj;Til-Baserean;;til-baserer;;;;;;;;;;;x
b_til_garimmu;Til-garimmu;Til-garimmu;Til-garimmu;;Til-garimmu;;;;;;;;;x
b_til_garimmu_adj;Til-garimmian;;til-garimmer;;;;;;;;;;;x
b_til_turi;Til-Turi;Til-Turi;Til-Turi;;Til-Turi;;;;;;;;;x
b_til_turi_adj;Til-Turian;;til-turer;;;;;;;;;;;x
b_tiliura;Tiliura;Tiliura;Tiliura;;Tiliura;;;;;;;;;x
b_tiliura_adj;Tiliuran;;tiliurer;;;;;;;;;;;x
b_timelkiya;Timelkiya;Timelkiya;Timelkiya;;Timelkiya;;;;;;;;;x
b_timelkiya_adj;Timelkiyan;;timelker;;;;;;;;;;;x
b_timnah;Timnah;Timnah;Timnah;;Timnah;;;;;;;;;x
b_timnah_adj;Timnahian;;timnaher;;;;;;;;;;;x
b_timuhala;Timuhala;Timuhala;Timuhala;;Timuhala;;;;;;;;;x
b_timuhala_adj;Timuhalan;;timuhaler;;;;;;;;;;;x
b_tirsah;Tirsah;Tirsah;Tirsah;;Tirsah;;;;;;;;;x
b_tirsah_adj;Tirsahian;;tirsaher;;;;;;;;;;;x
b_tiryns;Tiryns;Tiryns;Tiryns;;Tiryns;;;;;;;;;x
b_tiryns_adj;Tirynsian;;tirynser;;;;;;;;;;;x
b_tismurna;Tismurna;Tismurna;Tismurna;;Tismurna;;;;;;;;;x
b_tismurna_adj;Tismurnan;;tismurner;;;;;;;;;;;x
b_tjani;Tjani;Tjani;Tjani;;Tjani;;;;;;;;;x
b_tjani_adj;Tjanian;;tjaner;;;;;;;;;;;x
b_tjeb_netjer;Tjeb-netjer;Tjeb-netjer;Tjeb-netjer;;Tjeb-netjer;;;;;;;;;x
b_tjeb_netjer_adj;Tjeb-netjerian;;tjeb-netjerer;;;;;;;;;;;x
b_tjeben;Tjeben;Tjeben;Tjeben;;Tjeben;;;;;;;;;x
b_tjeben_adj;Tjebenian;;tjebener;;;;;;;;;;;x
b_tjebu;Tjebu;Tjebu;Tjebu;;Tjebu;;;;;;;;;x
b_tjebu_adj;Tjebian;;tjeber;;;;;;;;;;;x
b_tjekenesh;Tjekenesh;Tjekenesh;Tjekenesh;;Tjekenesh;;;;;;;;;x
b_tjekenesh_adj;Tjekeneshian;;tjekenesher;;;;;;;;;;;x
b_tjeku;Tjeku;Tjeku;Tjeku;;Tjeku;;;;;;;;;x
b_tjeku_adj;Tjekian;;tjeker;;;;;;;;;;;x
b_tjeset;Tjeset;Tjeset;Tjeset;;Tjeset;;;;;;;;;x
b_tjeset_adj;Tjesetian;;tjeseter;;;;;;;;;;;x
b_trikka;Trikka;Trikka;Trikka;;Trikka;;;;;;;;;x
b_trikka_adj;Trikkan;;trikker;;;;;;;;;;;x
b_tritaia;Tritaia;Tritaia;Tritaia;;Tritaia;;;;;;;;;x
b_tritaia_adj;Tritaian;;triter;;;;;;;;;;;x
b_troezen;Troezen;Troezen;Troezen;;Troezen;;;;;;;;;x
b_troezen_adj;Troezenian;;troezener;;;;;;;;;;;x
b_tuba;Tuba;Tuba;Tuba;;Tuba;;;;;;;;;x
b_tuba_adj;Tuban;;tuber;;;;;;;;;;;x
b_tuhuppiya;Tuhuppiya;Tuhuppiya;Tuhuppiya;;Tuhuppiya;;;;;;;;;x
b_tuhuppiya_adj;Tuhuppiyan;;tuhupper;;;;;;;;;;;x
b_tuhupurpuna;Tuhupurpuna;Tuhupurpuna;Tuhupurpuna;;Tuhupurpuna;;;;;;;;;x
b_tuhupurpuna_adj;Tuhupurpunan;;tuhupurpuner;;;;;;;;;;;x
b_tumanna;Tumanna;Tumanna;Tumanna;;Tumanna;;;;;;;;;x
b_tumanna_adj;Tumannan;;tumanner;;;;;;;;;;;x
b_tunanapa;Tunanapa;Tunanapa;Tunanapa;;Tunanapa;;;;;;;;;x
b_tunanapa_adj;Tunanapan;;tunanaper;;;;;;;;;;;x
b_tunip;Tunip;Tunip;Tunip;;Tunip;;;;;;;;;x
b_tunip_adj;Tunipian;;tuniper;;;;;;;;;;;x
b_tunna;Tunna;Tunna;Tunna;;Tunna;;;;;;;;;x
b_tunna_adj;Tunnan;;tunner;;;;;;;;;;;x
b_tuwanuwa;Tuwanuwa;Tuwanuwa;Tuwanuwa;;Tuwanuwa;;;;;;;;;x
b_tuwanuwa_adj;Tuwanuwan;;tuwanuwer;;;;;;;;;;;x
b_tyhos;Tyhos;Tyhos;Tyhos;;Tyhos;;;;;;;;;x
b_tyhos_adj;Tyhosian;;tyhoser;;;;;;;;;;;x
b_tymphaea;Tymphaea;Tymphaea;Tymphaea;;Tymphaea;;;;;;;;;x
b_tymphaea_adj;Tymphaean;;tympher;;;;;;;;;;;x
b_uda;Uda;Uda;Uda;;Uda;;;;;;;;;x
b_uda_adj;Udan;;uder;;;;;;;;;;;x
b_ugarit;Ugarit;Ugarit;Ugarit;;Ugarit;;;;;;;;;x
b_ugarit_adj;Ugaritian;;ugariter;;;;;;;;;;;x
b_unipsum;Unipsum;Unipsum;Unipsum;;Unipsum;;;;;;;;;x
b_unipsum_adj;Unipsumian;;unipsumer;;;;;;;;;;;x
b_ura;Ura;Ura;Ura;;Ura;;;;;;;;;x
b_ura_adj;Uran;;urer;;;;;;;;;;;x
b_ursti;Ursti;Ursti;Ursti;;Ursti;;;;;;;;;x
b_ursti_adj;Urstian;;urster;;;;;;;;;;;x
b_urume;Urume;Urume;Urume;;Urume;;;;;;;;;x
b_urume_adj;Urumean;;urumer;;;;;;;;;;;x
b_urumu;Urumu;Urumu;Urumu;;Urumu;;;;;;;;;x
b_urumu_adj;Urumian;;urumer;;;;;;;;;;;x
b_urussa;Urussa;Urussa;Urussa;;Urussa;;;;;;;;;x
b_urussa_adj;Urussan;;urusser;;;;;;;;;;;x
b_ussa;Ussa;Ussa;Ussa;;Ussa;;;;;;;;;x
b_ussa_adj;Ussan;;usser;;;;;;;;;;;x
b_ussuna;Ussuna;Ussuna;Ussuna;;Ussuna;;;;;;;;;x
b_ussuna_adj;Ussunan;;ussuner;;;;;;;;;;;x
b_usu;Usu;Usu;Usu;;Usu;;;;;;;;;x
b_usu_adj;Usian;;user;;;;;;;;;;;x
b_utima;Utima;Utima;Utima;;Utima;;;;;;;;;x
b_utima_adj;Utiman;;utimer;;;;;;;;;;;x
b_vergina;Vergina;Vergina;Vergina;;Vergina;;;;;;;;;x
b_vergina_adj;Verginan;;verginer;;;;;;;;;;;x
b_wadjyt;Wadjyt;Wadjyt;Wadjyt;;Wadjyt;;;;;;;;;x
b_wadjyt_adj;Wadjytian;;wadjyter;;;;;;;;;;;x
b_wahstansana;Wahstansana;Wahstansana;Wahstansana;;Wahstansana;;;;;;;;;x
b_wahstansana_adj;Wahstansanan;;wahstansaner;;;;;;;;;;;x
b_wahsusana;Wahsusana;Wahsusana;Wahsusana;;Wahsusana;;;;;;;;;x
b_wahsusana_adj;Wahsusanan;;wahsusaner;;;;;;;;;;;x
b_waliwanda;Waliwanda;Waliwanda;Waliwanda;;Waliwanda;;;;;;;;;x
b_waliwanda_adj;Waliwandan;;waliwander;;;;;;;;;;;x
b_wallarimma;Wallarimma;Wallarimma;Wallarimma;;Wallarimma;;;;;;;;;x
b_wallarimma_adj;Wallarimman;;wallarimmer;;;;;;;;;;;x
b_walma;Walma;Walma;Walma;;Walma;;;;;;;;;x
b_walma_adj;Walman;;walmer;;;;;;;;;;;x
b_walma_tarhuntassa;Walma Tarhuntassa;Walma Tarhuntassa;Walma Tarhuntassa;;Walma Tarhuntassa;;;;;;;;;x
b_walma_tarhuntassa_adj;Walma Tarhuntassan;;Walma Tarhuntasser;;;;;;;;;;;x
b_walwara;Walwara;Walwara;Walwara;;Walwara;;;;;;;;;x
b_walwara_adj;Walwaran;;walwarer;;;;;;;;;;;x
b_waret_nebet_maat;Waret-nebet-ma'at;Waret-nebet-ma'at;Waret-nebet-ma'at;;Waret-nebet-ma'at;;;;;;;;;x
b_waret_nebet_maat_adj;Waret-nebet-ma'atian;;waret-nebet-ma'ater;;;;;;;;;;;x
b_warsabama;Warsabama;Warsabama;Warsabama;;Warsabama;;;;;;;;;x
b_warsabama_adj;Warsabaman;;warsabamer;;;;;;;;;;;x
b_waset;Waset;Waset;Waset;;Waset;;;;;;;;;x
b_waset_adj;Wasetian;;waseter;;;;;;;;;;;x
b_washaniya;Washaniya;Washaniya;Washaniya;;Washaniya;;;;;;;;;x
b_washaniya_adj;Washaniyan;;washaner;;;;;;;;;;;x
b_washaya;Washaya;Washaya;Washaya;;Washaya;;;;;;;;;x
b_washaya_adj;Washayan;;washaer;;;;;;;;;;;x
b_wibassa;Wibassa;Wibassa;Wibassa;;Wibassa;;;;;;;;;x
b_wibassa_adj;Wibassan;;wibasser;;;;;;;;;;;x
b_wilusa;Wilusa;Wilusa;Wilusa;;Wilusa;;;;;;;;;x
b_wilusa_adj;Wilusan;;wiluser;;;;;;;;;;;x
b_wiyanawanda;Wiyanawanda;Wiyanawanda;Wiyanawanda;;Wiyanawanda;;;;;;;;;x
b_wiyanawanda_adj;Wiyanawandan;;wiyanawander;;;;;;;;;;;x
b_yahas;Yahas;Yahas;Yahas;;Yahas;;;;;;;;;x
b_yahas_adj;Yahasian;;yahaser;;;;;;;;;;;x
b_yahbneel;Yahbneel;Yahbneel;Yahbneel;;Yahbneel;;;;;;;;;x
b_yahbneel_adj;Yahbneelian;;yahbneeler;;;;;;;;;;;x
b_yartu;Ya'rtu;Ya'rtu;Ya'rtu;;Ya'rtu;;;;;;;;;x
b_yartu_adj;Ya'rtian;;ya'rter;;;;;;;;;;;x
b_yattir;Yattir;Yattir;Yattir;;Yattir;;;;;;;;;x
b_yattir_adj;Yattirian;;yattirer;;;;;;;;;;;x
b_yerushalaim;Yerushalaim;Yerushalaim;Yerushalaim;;Yerushalaim;;;;;;;;;x
b_yerushalaim_adj;Yerushalaimian;;yerushalaimer;;;;;;;;;;;x
b_yisrael;Yisrael;Yisrael;Yisrael;;Yisrael;;;;;;;;;x
b_yisrael_adj;Yisraelian;;yisraeler;;;;;;;;;;;x
b_yogbehah;Yogbehah;Yogbehah;Yogbehah;;Yogbehah;;;;;;;;;x
b_yogbehah_adj;Yogbehahian;;yogbehaher;;;;;;;;;;;x
b_yoqneam;Yoqneam;Yoqneam;Yoqneam;;Yoqneam;;;;;;;;;x
b_yoqneam_adj;Yoqneamian;;yoqneamer;;;;;;;;;;;x
b_yurza;Yurza;Yurza;Yurza;;Yurza;;;;;;;;;x
b_yurza_adj;Yurzan;;yurzer;;;;;;;;;;;x
b_zafon;Zafon;Zafon;Zafon;;Zafon;;;;;;;;;x
b_zafon_adj;Zafonian;;zafoner;;;;;;;;;;;x
b_zakros;Zakros;Zakros;Zakros;;Zakros;;;;;;;;;x
b_zakros_adj;Zakrosian;;zakroser;;;;;;;;;;;x
b_zakynthos;Zakynthos;Zakynthos;Zakynthos;;Zakynthos;;;;;;;;;x
b_zakynthos_adj;Zakynthosian;;zakynthoser;;;;;;;;;;;x
b_zalmona;Zalmona;Zalmona;Zalmona;;Zalmona;;;;;;;;;x
b_zalmona_adj;Zalmonan;;zalmoner;;;;;;;;;;;x
b_zalpuwa;Zalpuwa;Zalpuwa;Zalpuwa;;Zalpuwa;;;;;;;;;x
b_zalpuwa_adj;Zalpuwan;;zalpuwer;;;;;;;;;;;x
b_zalwar;Zalwar;Zalwar;Zalwar;;Zalwar;;;;;;;;;x
b_zalwar_adj;Zalwarian;;zalwarer;;;;;;;;;;;x
b_zaminuwa;Zaminuwa;Zaminuwa;Zaminuwa;;Zaminuwa;;;;;;;;;x
b_zaminuwa_adj;Zaminuwan;;zaminuwer;;;;;;;;;;;x
b_zaparasta;Zaparasta;Zaparasta;Zaparasta;;Zaparasta;;;;;;;;;x
b_zaparasta_adj;Zaparastan;;zaparaster;;;;;;;;;;;x
b_zapura;Zapura;Zapura;Zapura;;Zapura;;;;;;;;;x
b_zapura_adj;Zapuran;;zapurer;;;;;;;;;;;x
b_zarax;Zarax;Zarax;Zarax;;Zarax;;;;;;;;;x
b_zarax_adj;Zaraxian;;zaraxer;;;;;;;;;;;x
b_zaruna;Zaruna;Zaruna;Zaruna;;Zaruna;;;;;;;;;x
b_zaruna_adj;Zarunan;;zaruner;;;;;;;;;;;x
b_zeleia_ad;Zeleia Ad;Zeleia Ad;Zeleia Ad;;Zeleia Ad;;;;;;;;;x
b_zeleia_ad_adj;Zeleia Adian;;Zeleia Ader;;;;;;;;;;;x
b_zip;Zip;Zip;Zip;;Zip;;;;;;;;;x
b_zip_adj;Zipian;;ziper;;;;;;;;;;;x
b_zipishurna;Zipishurna;Zipishurna;Zipishurna;;Zipishurna;;;;;;;;;x
b_zipishurna_adj;Zipishurnan;;zipishurner;;;;;;;;;;;x
b_zippalanda;Zippalanda;Zippalanda;Zippalanda;;Zippalanda;;;;;;;;;x
b_zippalanda_adj;Zippalandan;;zippalander;;;;;;;;;;;x
b_zithara;Zithara;Zithara;Zithara;;Zithara;;;;;;;;;x
b_zithara_adj;Zitharan;;zitharer;;;;;;;;;;;x
b_ziuzila;Ziuzila;Ziuzila;Ziuzila;;Ziuzila;;;;;;;;;x
b_ziuzila_adj;Ziuzilan;;ziuziler;;;;;;;;;;;x
b_ziwana;Ziwana;Ziwana;Ziwana;;Ziwana;;;;;;;;;x
b_ziwana_adj;Ziwanan;;ziwaner;;;;;;;;;;;x
b_zoar;Zoar;Zoar;Zoar;;Zoar;;;;;;;;;x
b_zoar_adj;Zoarian;;zoarer;;;;;;;;;;;x
b_zulabi;Zulabi;Zulabi;Zulabi;;Zulabi;;;;;;;;;x
b_zulabi_adj;Zulabian;;zulaber;;;;;;;;;;;x
b_zumarri;Zumarri;Zumarri;Zumarri;;Zumarri;;;;;;;;;x
b_zumarri_adj;Zumarrian;;zumarrer;;;;;;;;;;;x
b_zuqarru;Zuqarru;Zuqarru;Zuqarru;;Zuqarru;;;;;;;;;x
b_zuqarru_adj;Zuqarrian;;zuqarrer;;;;;;;;;;;x
