###########Cultures###########,,,,,
anatolian;Anatolian;;;;;;;;;;;;;x,,,,,
hittite;Nešili;;;;;;;;;;;;;x,,,,,
###########Religions###########,,,,,
bnai_avraham;Bnai Avraham;;;;;;;;;;;;;x,,,,,
berith;Berith;;;;;;;;;;;;;x,,,,,
berith_DESC;“Blessed are you, Adonai Eloheinu, King of the universe.”\n\nIt was in the dust of the heathen streets of Ur that Avraham ben Tera heard the voice of the One God. At His command Avraham braved hardship and war leading his household into Canaan, where he received the instructions for the Covenant. Out of his loins will come a great nation it is said, and now the sons of his grandson Yisrael bin Yitzhak have become an extended family of twelve tribes. Under the leadership of Moshe they defied the Kings of Mizrayim and were instructed by him in the Law. Their priests are usually drawn from the Tribe of Levi, and their duties include ritual animal sacrifice and the smearing of blood in atonement for sins.;;;;;;;;;;;;;x
bnai_kenaan;Bnai Kenaan;;;;;;;;;;;;;x,,,,,
barqos;Barqos;;;;;;;;;;;;;x,,,,,
barqos_DESC;The men of Edom are not wholly sons of Kenaan, but are indeed kin to the Yisraelim. These sons of Esau have turned to idolatry and nearly forgotten the covenant of their father Avraham ben Terah. They do however retain the practice of circumcision and name El Shaddai among the gods worthy of veneration. Qos is their patron god, the archer who gleams forth in the desert and hunts his foes like the lion hunts the antelope. Qos is also worshipped by the Nabatu and others of the banu Yishma'el under the name “Quzah”.;;;;;;;;;;;;;x,,,
bene_elihi;Bene Elihi;;;;;;;;;;;;;x,,,,,
bene_elihi_DESC;The fertile westlands of Kenaan are home to a unique blend of gods and heroes. The creator and gray-haired father of the Elihi is El “The Bull” who rules from his tent atop mount Sappan and instructs his children and servants alongside his consort Asherah. Ba’al Hadaad son of Dagon holds lightning in the palm of his hand and brings the summer rains, in the youth of the world he challenged wicked Yam of the sea and defeated the coiling serpent Litanu. Fiery Molek fumes and demands offerings from his followers and grants them boons of health and herds. Each city and king tends to have a particular patron from among the pantheon.;;;;;;;;;;;;;x,,,,
ili_abinia;Ili Abinia;;;;;;;;;;;;;x,,,,,
ili_abinia_DESC;The traditions and cults of the Amurru, a tall, brash, and ancient people of mountain and pasture. They ruled as Kings and Princes over the Akkadi and Sumeru for 500 years and carried their gods with them on the backs of their furious chariots. The old gods of their forefathers have been preserved outside of Akkadi in the plains and deserts of the westlands. At the head of the host of Hosts is El Amurru, god of the high mountains and desert wind who leads the familiar host of the gods of Kenaan and Akkadi. Belet-Seri is his wife and queen of the desert, and Ba’al Hadad the Thunderer is his regent.;;;;;;;;;;;;;x
mesopotamian;Mesopotamian;;;;;;;;;;;;;x,,,,,
egal_assur;Egal Assur;;;;;;;;;;;;;x,,,,,
egal_assur_DESC;Assur is proclaimed to be the The Lord of All Heaven by the people of his city. For almost a thousand years the people of Assur have believed in the superiority of their god over the southern gods Marduk and Enlil. While the south fell to the half-beast Amurru and Kassu dogs, the sons of Assur preserved their freedom and supremacy. The Sarsarannu rules as regent for Assur and is the supreme authority in secular and eclesiastical matters and must prove his worth to the priesthood in the heat of battle. Assur is the hunter, first among his godly brethren and the slayer of lions and taker of pelts. His enemies should perhaps fear for their own skins...;;;;;;;;;;;;;x,,,
pihassasi;Pihassasi;;;;;;;;;;;;;x,,,,,
ishalitethai;Ishalitethai;;;;;;;;;;;;;x,,,,,
ishalitethai_DESC;The Nesili took the name of the peoples they conquered and thereafter called themselves Hatti. Their gods still have the fierce air of the chariot and the steppe about them, in every city and village swears itself to a different god of thunder and celebrates the defeat of the serpent Illuyanka every spring. The Great King of the Hatti is called “Our Sun” by his subjects who believe that his power on earth is drawn from the stormgod Tarhuma and his queen Arinniti of the sun. Tarhuma was of the Nesili, and Arinniti of the Old Hatti. Their marriage symbolized the union of two great nations and reflects the dual ancestry of the Hatti. At his investiture the Great King of the Hatti symbolically marries the Sun and is proclaimed High Priest and Regent of the gods.;;;;;;;;;;;;;x,,,
###########Gods and Books###########,,,,,
THE_AMURRU_KTOVET;The Amurru K'tovet;;;;;;;;;;;;;x,,,,,
THE_BAAL_KTOVET;The Ba’al K'tovet;;;;;;;;;;;;;x,,,,,
THE_HATTI_ISTANDANT;The Hatti Istandant;;;;;;;;;;;;;x,,,,,
THE_TORAH;The Torah;;;;;;;;;;;;;x,,,,,
THE_QOS_KTOVET;The Qos K'tovet;;;;;;;;;;;;;x,,,,,
,,,,,
GOD_ADONAI;Adonai;;;;;;;;;;;;;x,,,,,
GOD_ASHERAH;Asherah;;;;;;;;;;;;;x,,,,,
GOD_ASSUR;Assur;;;;;;;;;;;;;x,,,,,
GOD_ARINNITI;Arinniti;;;;;;;;;;;;;x,,,,,
GOD_BAAL_HADAD;Ba'al Hadad;;;;;;;;;;;;;x,,,,,
GOD_DAGON;Dagon;;;;;;;;;;;;;x,,,,,
GOD_ERRA;Erra;;;;;;;;;;;;;x,,,,,
GOD_EL;El;;;;;;;;;;;;;x,,,,,
GOD_ELOHIM;Elohim;;;;;;;;;;;;;x,,,,,
GOD_EL_AMURRU;El Amurru;;;;;;;;;;;;;x,,,,,
GOD_EL_SHADDAI;El Shaddai;;;;;;;;;;;;;x,,,,,
GOD_EL_TORU;El Toru;;;;;;;;;;;;;x,,,,,
GOD_GOD;God;;;;;;;;;;;;;x,,,,,
GOD_HASHEM;HaShem;;;;;;;;;;;;;x,,,,,
GOD_ILLUYANKA;Illuyanka;;;;;;;;;;;;;x,,,,,
GOD_ISHTAR;Ishtar;;;;;;;;;;;;;x,,,,,
GOD_LAMASHTU;Lamashtu;;;;;;;;;;;;;x,,,,,
GOD_LITANU;Litanu;;;;;;;;;;;;;x,,,,,
GOD_MANAT;Manat;;;;;;;;;;;;;x,,,,,
GOD_MARDUK;Marduk;;;;;;;;;;;;;x,,,,,
GOD_MOLEK;Molek;;;;;;;;;;;;;x,,,,,
GOD_MOT;Mot;;;;;;;;;;;;;x,,,,,
GOD_NASU;Nasu;;;;;;;;;;;;;x,,,,,
GOD_RESHEPH;Resheph;;;;;;;;;;;;;x,,,,,
GOD_SHAMASH;Shamash;;;;;;;;;;;;;x,,,,,
GOD_SHARRUMA;Sharruma;;;;;;;;;;;;;x,,,,,
GOD_SIN;Sin;;;;;;;;;;;;;x,,,,,
GOD_TAKNASDUTU;Taknasdutu;;;;;;;;;;;;;x,,,,,
GOD_TARHUMA;Tarhuma;;;;;;;;;;;;;x,,,,,
GOD_TELIPINU;Telipinu;;;;;;;;;;;;;x,,,,,
GOD_THE_LORD;The Lord;;;;;;;;;;;;;x,,,,,
GOD_YAM;Yam;;;;;;;;;;;;;x,,,,,
,,,,,
KOHEN;Kohen;;;;;;;;;;;;;x,,,,,
HEAD_KOHEN_GADOL;Kohen Gadol;;;;;;;;;;;;;x,,,,,
HEAD_KOHEN_AMURRU;Kohen Amurru;;;;;;;;;;;;;x,,,,,
,,,,,
###########Titles###########,,,,,
d_berith;The High Priesthood;;;;;;;;;;;;;x,,,,,
d_berith_adj;Priestly;;;;;;;;;;;;;x,,,,,
d_ili_abinia;High Amurru Priesthood;;;;;;;;;;;;;x,,,,,
d_ili_abinia_adj;Priestly;;;;;;;;;;;;;x,,,,,
,,,,,
###########Hattusa Titles###########,,,,,
e_hittite_empire;Nešili Empire;;;;;;;;;;;;;x,,,,,
e_hittite_empire_adj;Nešili;;;;;;;;;;;;;x,,,,,
k_hatti;Hatti;;;;;;;;;;;;;x,,,,,
k_hatti_adj;Hatti;;;;;;;;;;;;;x,,,,,
k_pala;Pala;;;;;;;;;;;;;x,,,,,
k_pala_adj;Pala;;;;;;;;;;;;;x,,,,,
k_tarhuntassa;Tarhuntassa;;;;;;;;;;;;;x,,,,,
k_tarhuntassa_adj;Tarhassa;;;;;;;;;;;;;x,,,,,
k_kizzuwatna;Kizzuwatna;;;;;;;;;;;;;x,,,,,
k_kizzuwatna_adj;Kizzuwanti;;;;;;;;;;;;;x,,,,,
d_hatti;Hatti;;;;;;;;;;;;;x,,,,,
d_hatti_adj;Hatti;;;;;;;;;;;;;x,,,,,
d_ambara;Ambara;;;;;;;;;;;;;x,,,,,
d_ambara_adj;Ambara;;;;;;;;;;;;;x,,,,,
d_sarazzi_udne;Sarazzi Udne;;;;;;;;;;;;;x,,,,,
d_sarazzi_udne;Sarazzi;;;;;;;;;;;;;x,,,,,
d_kaska;Kaska;;;;;;;;;;;;;x,,,,,
d_kaska_adj;Kaska;;;;;;;;;;;;;x,,,,,
d_kalasma; Kalasma;;;;;;;;;;;;;x,,,,,
d_kalasma_adj;Kalasi;;;;;;;;;;;;;x,,,,,
d_kassiya;Kassiya;;;;;;;;;;;;;x,,,,,
d_kassiya_adj;Kassi;;;;;;;;;;;;;x,,,,,
d_kasula;Kasula;;;;;;;;;;;;;x,,,,,
d_kasula_adj;Kasuli;;;;;;;;;;;;;x,,,,,
d_tarhuntassa;Tarhuntassa;;;;;;;;;;;;;x,,,,,
d_tarhuntassa_adj;Tarhuntasi;;;;;;;;;;;;;x,,,,,
d_pitassa;Pitassa;;;;;;;;;;;;;x,,,,,
d_pitassa_adj;Pitassi;;;;;;;;;;;;;x,,,,,
d_kastaraya;Kastaraya;;;;;;;;;;;;;x,,,,,
d_kastaraya_adj;Kastari;;;;;;;;;;;;;x,,,,,
d_hulaya;Hulaya;;;;;;;;;;;;;x,,,,,
d_hulaya;Hulayi;;;;;;;;;;;;;x,,,,,
d_katerra_udne;Kattera Udne;;;;;;;;;;;;;x,,,,,
d_katerra_udne_adj;Katteri;;;;;;;;;;;;;x,,,,,
d_puruma;Puruma;;;;;;;;;;;;;x,,,,,
d_puruma_adj;Purumi;;;;;;;;;;;;;x,,,,,
d_mala;Mala;;;;;;;;;;;;;x,,,,,
d_mala_adj;Malai;;;;;;;;;;;;;x,,,,,
d_samura;Samura;;;;;;;;;;;;;x,,,,,
d_samura_adj;Samura;;;;;;;;;;;;;x,,,,,
d_tegarama;Tegarama;;;;;;;;;;;;;x,,,,,
d_tegarama_adj;Tegaramu;;;;;;;;;;;;;x,,,,,
d_marqasa;Marqasa;;;;;;;;;;;;;x,,,,,
d_marqasa_adj;Marqasi;;;;;;;;;;;;;x,,,,,
c_hattusa;Hattusa;;;;;;;;;;;;;x,,,,,
c_hattusa_adj;Hatti;;;;;;;;;;;;;x,,,,,
c_taskuriya;Taskuriya;;;;;;;;;;;;;x,,,,,
c_taskuriya_adj;Taskuri;;;;;;;;;;;;;x,,,,,
c_tuhuppiya;Tuhuppiya;;;;;;;;;;;;;x,,,,,
c_tuhuppiya_adj;Tuhuppi;;;;;;;;;;;;;x,,,,,
c_katapa;Katapa;;;;;;;;;;;;;x,,,,,
c_katapa;Katapi;;;;;;;;;;;;;x,,,,,
c_kanes;Kanes;;;;;;;;;;;;;x,,,,,
c_kanes_adj;Kani;;;;;;;;;;;;;x,,,,,
c_kapitra;Kapitra;;;;;;;;;;;;;x,,,,,
c_kapitra_adj;Kapitri;;;;;;;;;;;;;x,,,,,
c_kummaha;Kummaha;;;;;;;;;;;;;x,,,,,
c_kummaha_adj;Kummahi;;;;;;;;;;;;;x,,,,,
c_haburat;Haburat;;;;;;;;;;;;;x,,,,,
c_haburat_adj;Haburati;;;;;;;;;;;;;x,,,,,
c_pahhuwa;Pahhuwa;;;;;;;;;;;;;x,,,,,
c_pahhuwa_adj;Pahhuwi;;;;;;;;;;;;;x,,,,,
c_istitina;Istitina;;;;;;;;;;;;;x,,,,,
c_istitina_adj;Istitini;;;;;;;;;;;;;x,,,,,
c_masika;Masika;;;;;;;;;;;;;x,,,,,
c_masika_adj;Masiki;;;;;;;;;;;;;x,,,,,
c_zipishuna;Zipishuna;;;;;;;;;;;;;x,,,,,
c_zipishuna_adj; Zipishuni;;;;;;;;;;;;;x,,,,,
c_takkupta;Takkupta;;;;;;;;;;;;;x,,,,,
c_takkupta_adj;Takkupti;;;;;;;;;;;;;x,,,,,
c_samuha;Samuha;;;;;;;;;;;;;x,,,,,
c_samuha_adj;Samuha;;;;;;;;;;;;;x,,,,,
c_zalpa;Zalpa;;;;;;;;;;;;;x,,,,,
c_zalpa_adj;Zalpi;;;;;;;;;;;;;x,,,,,
c_sawit;Sawit;;;;;;;;;;;;;x,,,,,
c_sawit_adj;Sawatti;;;;;;;;;;;;;x,,,,,
c_kunanamit;Kunanamit;;;;;;;;;;;;;x,,,,,
c_kunanamit_adj;Kunani;;;;;;;;;;;;;x,,,,,
c_kalasma;Kalasmi;;;;;;;;;;;;;x,,,,,
c_kalasma_adj;Kalasmi;;;;;;;;;;;;;x,,,,,
c_tumanna;Tumanna;;;;;;;;;;;;;x,,,,,
c_tumanna_adj;Tumanni;;;;;;;;;;;;;x,,,,,
c_sappa;Sappa;;;;;;;;;;;;;x,,,,,
c_sappa_adj;Sappani;;;;;;;;;;;;;x,,,,,
c_altanna;Altanna;;;;;;;;;;;;;x,,,,,
c_altanna_adj;Altanni;;;;;;;;;;;;;x,,,,,
c_salatiwara;Salatiwara;;;;;;;;;;;;;x,,,,,
c_salatiwara_adj;Salatiwari;;;;;;;;;;;;;x,,,,,
c_athulissa;Athulissa;;;;;;;;;;;;;x,,,,,
c_athulissa_adj;Athulissi;;;;;;;;;;;;;x,,,,,
c_piddaniyasa;Piddaniyasa;;;;;;;;;;;;;x,,,,,
c_piddaniyasa_adj;Piddaniyasi;;;;;;;;;;;;;x,,,,,
c_kasula;Kasula;;;;;;;;;;;;;x,,,,,
c_kasula_adj;Kasuli;;;;;;;;;;;;;x,,,,,
c_istahara;Istahara;;;;;;;;;;;;;x,,,,,
c_istahara_adj;Istahari;;;;;;;;;;;;;x,,,,,
c_gassu;Gassu;;;;;;;;;;;;;x,,,,,
c_gassu_adj;Gassi;;;;;;;;;;;;;x,,,,,
c_sariya;Sariya;;;;;;;;;;;;;x,,,,,
c_sariya_adj;Sariyi;;;;;;;;;;;;;x,,,,,
c_tarhuntassa;Tarhuntassa;;;;;;;;;;;;;x,,,,,
c_tarhuntassa_adj;Tarhuntassi;;;;;;;;;;;;;x,,,,,
c_ura;Ura;;;;;;;;;;;;;x,,,,,
c_ura_adj;Ura;;;;;;;;;;;;;x,,,,,
c_saliya;Saliya;;;;;;;;;;;;;x,,,,,
c_saliya_adj;Saliya-i;;;;;;;;;;;;;x,,,,,
c_laanda;Laanda;;;;;;;;;;;;;x,,,,,
c_laanda_adj;Laandani;;;;;;;;;;;;;x,,,,,
c_hupisna;Hupisna;;;;;;;;;;;;;x,,,,,
c_hupisna_adj;Hupisni;;;;;;;;;;;;;x,,,,,
c_walma;Walma;;;;;;;;;;;;;x,,,,,
c_walma_adj;Walmi;;;;;;;;;;;;;x,,,,,
c_sahiriya;Sahiriya;;;;;;;;;;;;;x,,,,,
c_sahiriya_adj;Sahiri;;;;;;;;;;;;;x,,,,,
c_sinnuwanda;Sinnuwanda;;;;;;;;;;;;;x,,,,,
c_sinnuwanda_adj;Sinnuwandi;;;;;;;;;;;;;x,,,,,
c_kastaraya;Kastaraya;;;;;;;;;;;;;x,,,,,
c_kastaraya_adj;Kastari;;;;;;;;;;;;;x,,,,,
c_marasa;Marasa;;;;;;;;;;;;;x,,,,,
c_marasa_adj;Marasi;;;;;;;;;;;;;x,,,,,
c_asita;Asita;;;;;;;;;;;;;x,,,,,
c_asita_adj;Asita;;;;;;;;;;;;;x,,,,,
c_lahhwiyassi;Lahhwiyassi;;;;;;;;;;;;;x,,,,,
c_lahhwiyassi_adj;Lahhwi;;;;;;;;;;;;;x,,,,,
c_hulaya;Hulaya;;;;;;;;;;;;;x,,,,,
c_hulaya_adj;Hulayi;;;;;;;;;;;;;x,,,,,
c_nahita;Nahita;;;;;;;;;;;;;x,,,,,
c_nahita_adj;Nahiti;;;;;;;;;;;;;x,,,,,
c_saranduwa;Saranduwa;;;;;;;;;;;;;x,,,,,
c_saranduwa_adj;Saranduwi;;;;;;;;;;;;;x,,,,,
c_sallusa;Sallusa;;;;;;;;;;;;;x,,,,,
c_sallusa_adj;Sallusi;;;;;;;;;;;;;x,,,,,
c_hapalla;Hapalla;;;;;;;;;;;;;x,,,,,
c_hapalla_adj;Hapallai;;;;;;;;;;;;;x,,,,,
c_sarpa;Sarpa;;;;;;;;;;;;;x,,,,,
c_sarpa_adj;Sarpi;;;;;;;;;;;;;x,,,,,
c_ullamma;Ullamma;;;;;;;;;;;;;x,,,,,
c_ullamma_adj;Ullammi;;;;;;;;;;;;;x,,,,,
c_suwatara;Suwatara;;;;;;;;;;;;;x,,,,,
c_suwatara_adj;Suwatari;;;;;;;;;;;;;x,,,,,
c_lawazantiya;Lawazantiya;;;;;;;;;;;;;x,,,,,
c_lawazantiya_adj;Lawazanti;;;;;;;;;;;;;x,,,,,
c_izziya;Izziya;;;;;;;;;;;;;x,,,,,
c_izziya_adj;Izziyai;;;;;;;;;;;;;x,,,,,
c_tarsa;Tarsa;;;;;;;;;;;;;x,,,,,
c_tarsa_adj;Tarsi;;;;;;;;;;;;;x,,,,,
c_zaruna;Zaruna;;;;;;;;;;;;;x,,,,,
c_zaruna_adj;Zaruni;;;;;;;;;;;;;x,,,,,
c_malluma;Malluma;;;;;;;;;;;;;x,,,,,
c_malluma_adj;Mallumi;;;;;;;;;;;;;x,,,,,
c_mala;Mala;;;;;;;;;;;;;x,,,,,
c_mala_adj;Malai;;;;;;;;;;;;;x,,,,,
c_kummuth;Kummuth;;;;;;;;;;;;;x,,,,,
c_kummuth_adj;Kummuthi;;;;;;;;;;;;;x,,,,,
c_sukyiza;Sukyiza;;;;;;;;;;;;;x,,,,,
c_sukyiza_adj;Sukyizi;;;;;;;;;;;;;x,,,,,
c_samura;Samura;;;;;;;;;;;;;x,,,,,
c_samura_adj;Samuri;;;;;;;;;;;;;x,,,,,
c_paduwanda;Paduwanda;;;;;;;;;;;;;x,,,,,
c_paduwanda_adj;Paduwandi;;;;;;;;;;;;;x,,,,,
c_serigga;Serigga;;;;;;;;;;;;;x,,,,,
c_serigga_adj;Serigga;;;;;;;;;;;;;x,,,,,
c_tegarama;Tegarama;;;;;;;;;;;;;x,,,,,
c_tegarama_adj;Tegarami;;;;;;;;;;;;;x,,,,,
c_asturiya;Asturiya;;;;;;;;;;;;;x,,,,,
c_asturiya_adj;Asturi;;;;;;;;;;;;;x,,,,,
c_arihuwa;Arihuwa;;;;;;;;;;;;;x,,,,,
c_arihuwa_adj;Arihuwi;;;;;;;;;;;;;x,,,,,
c_til_garimmu;Til Garimmu;;;;;;;;;;;;;x,,,,,
c_til_garimmu_adj;Garimmi;;;;;;;;;;;;;x,,,,,
c_mamma;Mamma;;;;;;;;;;;;;x,,,,,
c_mamma_adj;Mammi;;;;;;;;;;;;;x,,,,,
c_hurma;Hurma;;;;;;;;;;;;;x,,,,,
c_hurma_adj;Hurmi;;;;;;;;;;;;;x,,,,,
c_timelkiya;Timelkiya;;;;;;;;;;;;;x,,,,,
c_timelkiya_adj;Timelkiya;;;;;;;;;;;;;x,,,,,
c_bulbulhum;Bulbulhum;;;;;;;;;;;;;x,,,,,
c_bulbulhum_adj;bulbulhum;;;;;;;;;;;;;x,,,,,
b_hattusa;Hattusa;;;;;;;;;;;;;x,,,,,
b_hattusa_adj;Hatti;;;;;;;;;;;;;x,,,,,
b_taskuriya;Taskuriya;;;;;;;;;;;;;x,,,,,
b_taskuriya_adj;Taskuri;;;;;;;;;;;;;x,,,,,
b_tuhuppiya;Tuhuppiya;;;;;;;;;;;;;x,,,,,
b_tuhuppiya_adj;Tuhuppi;;;;;;;;;;;;;x,,,,,
b_katapa;Katapa;;;;;;;;;;;;;x,,,,,
b_katapa;Katapi;;;;;;;;;;;;;x,,,,,
b_kanes;Kanes;;;;;;;;;;;;;x,,,,,
b_kanes_adj;Kani;;;;;;;;;;;;;x,,,,,
b_kapitra;Kapitra;;;;;;;;;;;;;x,,,,,
b_kapitra_adj;Kapitri;;;;;;;;;;;;;x,,,,,
b_kummaha;Kummaha;;;;;;;;;;;;;x,,,,,
b_kummaha_adj;Kummahi;;;;;;;;;;;;;x,,,,,
b_haburat;Haburat;;;;;;;;;;;;;x,,,,,
b_haburat_adj;Haburati;;;;;;;;;;;;;x,,,,,
b_pahhuwa;Pahhuwa;;;;;;;;;;;;;x,,,,,
b_pahhuwa_adj;Pahhuwi;;;;;;;;;;;;;x,,,,,
b_istitina;Istitina;;;;;;;;;;;;;x,,,,,
b_istitina_adj;Istitini;;;;;;;;;;;;;x,,,,,
b_masika;Masika;;;;;;;;;;;;;x,,,,,
b_masika_adj;Masiki;;;;;;;;;;;;;x,,,,,
b_zipishuna;Zipishuna;;;;;;;;;;;;;x,,,,,
b_zipishuna_adj; Zipishuni;;;;;;;;;;;;;x,,,,,
b_takkupta;Takkupta;;;;;;;;;;;;;x,,,,,
b_takkupta_adj;Takkupti;;;;;;;;;;;;;x,,,,,
b_samuha;Samuha;;;;;;;;;;;;;x,,,,,
b_samuha_adj;Samuha;;;;;;;;;;;;;x,,,,,
b_zalpa;Zalpa;;;;;;;;;;;;;x,,,,,
b_zalpa_adj;Zalpi;;;;;;;;;;;;;x,,,,,
b_sawit;Sawit;;;;;;;;;;;;;x,,,,,
b_sawit_adj;Sawatti;;;;;;;;;;;;;x,,,,,
b_kunanamit;Kunanamit;;;;;;;;;;;;;x,,,,,
b_kunanamit_adj;Kunani;;;;;;;;;;;;;x,,,,,
b_kalasma;Kalasmi;;;;;;;;;;;;;x,,,,,
b_kalasma_adj;Kalasmi;;;;;;;;;;;;;x,,,,,
b_tumanna;Tumanna;;;;;;;;;;;;;x,,,,,
b_tumanna_adj;Tumanni;;;;;;;;;;;;;x,,,,,
b_sappa;Sappa;;;;;;;;;;;;;x,,,,,
b_sappa_adj;Sappani;;;;;;;;;;;;;x,,,,,
b_altanna;Altanna;;;;;;;;;;;;;x,,,,,
b_altanna_adj;Altanni;;;;;;;;;;;;;x,,,,,
b_salatiwara;Salatiwara;;;;;;;;;;;;;x,,,,,
b_salatiwara_adj;Salatiwari;;;;;;;;;;;;;x,,,,,
b_athulissa;Athulissa;;;;;;;;;;;;;x,,,,,
b_athulissa_adj;Athulissi;;;;;;;;;;;;;x,,,,,
b_piddaniyasa;Piddaniyasa;;;;;;;;;;;;;x,,,,,
b_piddaniyasa_adj;Piddaniyasi;;;;;;;;;;;;;x,,,,,
b_kasula;Kasula;;;;;;;;;;;;;x,,,,,
b_kasula_adj;Kasuli;;;;;;;;;;;;;x,,,,,
b_istahara;Istahara;;;;;;;;;;;;;x,,,,,
b_istahara_adj;Istahari;;;;;;;;;;;;;x,,,,,
b_gassu;Gassu;;;;;;;;;;;;;x,,,,,
b_gassu_adj;Gassi;;;;;;;;;;;;;x,,,,,
b_sariya;Sariya;;;;;;;;;;;;;x,,,,,
b_sariya_adj;Sariyi;;;;;;;;;;;;;x,,,,,
b_tarhuntassa;Tarhuntassa;;;;;;;;;;;;;x,,,,,
b_tarhuntassa_adj;Tarhuntassi;;;;;;;;;;;;;x,,,,,
b_ura;Ura;;;;;;;;;;;;;x,,,,,
b_ura_adj;Ura;;;;;;;;;;;;;x,,,,,
b_saliya;Saliya;;;;;;;;;;;;;x,,,,,
b_saliya_adj;Saliya-i;;;;;;;;;;;;;x,,,,,
b_laanda;Laanda;;;;;;;;;;;;;x,,,,,
b_laanda_adj;Laandani;;;;;;;;;;;;;x,,,,,
b_hupisna;Hupisna;;;;;;;;;;;;;x,,,,,
b_hupisna_adj;Hupisni;;;;;;;;;;;;;x,,,,,
b_walma;Walma;;;;;;;;;;;;;x,,,,,
b_walma_adj;Walmi;;;;;;;;;;;;;x,,,,,
b_sahiriya;Sahiriya;;;;;;;;;;;;;x,,,,,
b_sahiriya_adj;Sahiri;;;;;;;;;;;;;x,,,,,
b_sinnuwanda;Sinnuwanda;;;;;;;;;;;;;x,,,,,
b_sinnuwanda_adj;Sinnuwandi;;;;;;;;;;;;;x,,,,,
b_kastaraya;Kastaraya;;;;;;;;;;;;;x,,,,,
b_kastaraya_adj;Kastari;;;;;;;;;;;;;x,,,,,
b_marasa;Marasa;;;;;;;;;;;;;x,,,,,
b_marasa_adj;Marasi;;;;;;;;;;;;;x,,,,,
b_asita;Asita;;;;;;;;;;;;;x,,,,,
b_asita_adj;Asita;;;;;;;;;;;;;x,,,,,
b_lahhwiyassi;Lahhwiyassi;;;;;;;;;;;;;x,,,,,
b_lahhwiyassi_adj;Lahhwi;;;;;;;;;;;;;x,,,,,
b_hulaya;Hulaya;;;;;;;;;;;;;x,,,,,
b_hulaya_adj;Hulayi;;;;;;;;;;;;;x,,,,,
b_nahita;Nahita;;;;;;;;;;;;;x,,,,,
b_nahita_adj;Nahiti;;;;;;;;;;;;;x,,,,,
b_saranduwa;Saranduwa;;;;;;;;;;;;;x,,,,,
b_saranduwa_adj;Saranduwi;;;;;;;;;;;;;x,,,,,
b_sallusa;Sallusa;;;;;;;;;;;;;x,,,,,
b_sallusa_adj;Sallusi;;;;;;;;;;;;;x,,,,,
b_hapalla;Hapalla;;;;;;;;;;;;;x,,,,,
b_hapalla_adj;Hapallai;;;;;;;;;;;;;x,,,,,
b_sarpa;Sarpa;;;;;;;;;;;;;x,,,,,
b_sarpa_adj;Sarpi;;;;;;;;;;;;;x,,,,,
b_ullamma;Ullamma;;;;;;;;;;;;;x,,,,,
b_ullamma_adj;Ullammi;;;;;;;;;;;;;x,,,,,
b_suwatara;Suwatara;;;;;;;;;;;;;x,,,,,
b_suwatara_adj;Suwatari;;;;;;;;;;;;;x,,,,,
b_lawazantiya;Lawazantiya;;;;;;;;;;;;;x,,,,,
b_lawazantiya_adj;Lawazanti;;;;;;;;;;;;;x,,,,,
b_izziya;Izziya;;;;;;;;;;;;;x,,,,,
b_izziya_adj;Izziyai;;;;;;;;;;;;;x,,,,,
b_tarsa;Tarsa;;;;;;;;;;;;;x,,,,,
b_tarsa_adj;Tarsi;;;;;;;;;;;;;x,,,,,
b_zaruna;Zaruna;;;;;;;;;;;;;x,,,,,
b_zaruna_adj;Zaruni;;;;;;;;;;;;;x,,,,,
b_malluma;Malluma;;;;;;;;;;;;;x,,,,,
b_malluma_adj;Mallumi;;;;;;;;;;;;;x,,,,,
b_mala;Mala;;;;;;;;;;;;;x,,,,,
b_mala_adj;Malai;;;;;;;;;;;;;x,,,,,
b_kummuth;Kummuth;;;;;;;;;;;;;x,,,,,
b_kummuth_adj;Kummuthi;;;;;;;;;;;;;x,,,,,
b_sukyiza;Sukyiza;;;;;;;;;;;;;x,,,,,
b_sukyiza_adj;Sukyizi;;;;;;;;;;;;;x,,,,,
b_samura;Samura;;;;;;;;;;;;;x,,,,,
b_samura_adj;Samuri;;;;;;;;;;;;;x,,,,,
b_paduwanda;Paduwanda;;;;;;;;;;;;;x,,,,,
b_paduwanda_adj;Paduwandi;;;;;;;;;;;;;x,,,,,
b_serigga;Serigga;;;;;;;;;;;;;x,,,,,
b_serigga_adj;Serigga;;;;;;;;;;;;;x,,,,,
b_tegarama;Tegarama;;;;;;;;;;;;;x,,,,,
b_tegarama_adj;Tegarami;;;;;;;;;;;;;x,,,,,
b_asturiya;Asturiya;;;;;;;;;;;;;x,,,,,
b_asturiya_adj;Asturi;;;;;;;;;;;;;x,,,,,
b_arihuwa;Arihuwa;;;;;;;;;;;;;x,,,,,
b_arihuwa_adj;Arihuwi;;;;;;;;;;;;;x,,,,,
b_til_garimmu;Til Garimmu;;;;;;;;;;;;;x,,,,,
b_til_garimmu_adj;Garimmi;;;;;;;;;;;;;x,,,,,
b_mamma;Mamma;;;;;;;;;;;;;x,,,,,
b_mamma_adj;Mammi;;;;;;;;;;;;;x,,,,,
b_hurma;Hurma;;;;;;;;;;;;;x,,,,,
b_hurma_adj;Hurmi;;;;;;;;;;;;;x,,,,,
b_timelkiya;Timelkiya;;;;;;;;;;;;;x,,,,,
b_timelkiya_adj;Timelkiya;;;;;;;;;;;;;x,,,,,
b_bulbulhum;Bulbulhum;;;;;;;;;;;;;x,,,,,
b_bulbulhum_adj;bulbulhum;;;;;;;;;;;;;x,,,,,
